{
  "id": "P07fd5VA",
  "type": "form",
  "title": "201204 Chapter 8 2P-CL",
  "workspace": {
    "href": "https://api.typeform.com/workspaces/RLzBQQ"
  },
  "theme": {
    "href": "https://api.typeform.com/themes/qHWOQ7"
  },
  "settings": {
    "language": "en",
    "progress_bar": "percentage",
    "meta": {
      "allow_indexing": false
    },
    "hide_navigation": false,
    "is_public": true,
    "is_trial": false,
    "show_progress_bar": true,
    "show_typeform_branding": true,
    "are_uploads_public": false,
    "show_time_to_complete": true
  },
  "thankyou_screens": [
    {
      "id": "hCMeG9YuHD2x",
      "ref": "66a81650-4a2f-42c6-86e8-8ad3e62f8378",
      "title": "Congratulations, you have just finished making a book, that'll show {{hidden:child}} at the centre of your family. It'll give {{hidden:child}} a sense of belonging and identity.",
      "properties": {
        "show_button": true,
        "share_icons": true,
        "button_mode": "redirect",
        "button_text": "This Story",
        "redirect_url": "https://thisstory.co.uk"
      }
    },
    {
      "id": "DefaultTyScreen",
      "ref": "default_tys",
      "title": "Done! Your information was sent perfectly.",
      "properties": {
        "show_button": false,
        "share_icons": false
      }
    }
  ],
  "welcome_screens": [
    {
      "id": "B6uBCtPEUkGy",
      "ref": "8033ee1e-3a40-410a-ac49-4a651f58a26e",
      "title": "Chapter 8\n\nThis is the final chapter of the book is all about your family life",
      "properties": {
        "show_button": true,
        "button_text": "Start"
      }
    }
  ],
  "fields": [
    {
      "id": "n1rmm4GbGObo",
      "title": "Mummy and Daddy Please remind us how {{hidden:child}} refers to you both ",
      "ref": "899e2d91-75da-429e-a686-994df8035b65",
      "properties": {
        "description": "For example: 'Mummy and Daddy' or 'Mum and Mummy'"
      },
      "validations": {
        "required": true
      },
      "type": "short_text"
    },
    {
      "id": "rjSvaeay2xs1",
      "title": "Did you have another child after {{hidden:child}} was born",
      "ref": "39689ae1-de94-422c-a841-c78f56e89694",
      "properties": {},
      "validations": {
        "required": true
      },
      "type": "yes_no"
    },
    {
      "id": "I7lBm6fK9OA5",
      "title": "Siblings",
      "ref": "8800105e-6efc-423a-a3ef-11ba1eb3c60f",
      "properties": {
        "button_text": "Continue",
        "show_button": true,
        "fields": [
          {
            "id": "i5JRdaw6Bw7o",
            "title": "What is the name of this child (if you had twins, just list both names here)",
            "ref": "cc90a358-3be6-4db0-8407-2dd08c6d6292",
            "properties": {
              "description": "For example: 'Harris', or 'Zoe and Billy'"
            },
            "validations": {
              "required": true
            },
            "type": "short_text"
          },
          {
            "id": "jXPLy4mUy6s4",
            "title": "How old was {{hidden:child}}, when {{field:cc90a358-3be6-4db0-8407-2dd08c6d6292}} was born?",
            "ref": "0fd82808-01a0-44a5-978e-03ef70855038",
            "properties": {
              "description": "For example: 'three years' or 'eighteen months'"
            },
            "validations": {
              "required": true
            },
            "type": "short_text"
          },
          {
            "id": "2tJMSydpovcE",
            "title": "Do you refer to them as {{hidden:child}}'s ",
            "ref": "408f154b-2cb8-4cc8-a744-c62bca85fab8",
            "properties": {
              "randomize": false,
              "allow_multiple_selection": false,
              "allow_other_choice": false,
              "vertical_alignment": true,
              "choices": [
                {
                  "id": "XAE06UbM3Nmw",
                  "ref": "a1532f04-ac90-4f72-bb45-9e6e8f9880dc",
                  "label": "sister"
                },
                {
                  "id": "UmtMNruu56O4",
                  "ref": "3f8d0507-bba7-4813-b5de-3c867d025a92",
                  "label": "brother"
                },
                {
                  "id": "3kWNYpgkhexM",
                  "ref": "a1b9ae1b-130b-4b20-9ee6-cec92c7d11b2",
                  "label": "sisters"
                },
                {
                  "id": "u6E1nahaoKCO",
                  "ref": "6f023931-fee3-40ad-95fa-a26b709ff47a",
                  "label": "brothers"
                },
                {
                  "id": "0JQAtz9Z8D8z",
                  "ref": "c34c740e-4d20-48f6-935f-46dec5b93f62",
                  "label": "brother and sister"
                },
                {
                  "id": "QREIhevccFOi",
                  "ref": "f35f2031-be8d-4b4d-a4b5-acbe54d0a27c",
                  "label": "siblings"
                }
              ]
            },
            "validations": {
              "required": true
            },
            "type": "multiple_choice"
          },
          {
            "id": "6yaCoJrr23ee",
            "title": "The text is going to read:\n_*'When you were*_ _*{{field:0fd82808-01a0-44a5-978e-03ef70855038}}*__* old,*_ _*{{field:cc90a358-3be6-4db0-8407-2dd08c6d6292}}*__*, your*_ _*{{field:408f154b-2cb8-4cc8-a744-c62bca85fab8}}*__*, came into our family. Welcome*_ _*{{field:cc90a358-3be6-4db0-8407-2dd08c6d6292}}*__*!*_",
            "ref": "b53a21f5-9459-4632-8343-f3505cc0d0e5",
            "properties": {
              "randomize": false,
              "allow_multiple_selection": false,
              "allow_other_choice": false,
              "vertical_alignment": true,
              "choices": [
                {
                  "id": "Wq7E4XBLuEKA",
                  "ref": "6fa262f0-7ec8-47da-9e68-a641f0b18e1c",
                  "label": "That’s right"
                },
                {
                  "id": "kVM1Ued1fLf3",
                  "ref": "84e61c94-c790-406d-8b68-0683b0e228d2",
                  "label": "I’d like to correct something"
                }
              ]
            },
            "validations": {
              "required": true
            },
            "type": "multiple_choice"
          },
          {
            "id": "mORUN1AcCPER",
            "title": "Please upload a photo of {{field:cc90a358-3be6-4db0-8407-2dd08c6d6292}}",
            "ref": "8c309cb7-2978-445c-9dd2-939fa6a45c67",
            "properties": {},
            "validations": {
              "required": true
            },
            "type": "file_upload"
          },
          {
            "id": "eoF2PZvNLipG",
            "title": "Did you have another child after the birth of {{hidden:child}} and {{field:cc90a358-3be6-4db0-8407-2dd08c6d6292}}?",
            "ref": "5ff925a0-cc7a-48f4-af00-e14452214d70",
            "properties": {},
            "validations": {
              "required": true
            },
            "type": "yes_no"
          },
          {
            "id": "cpcuIhhSMOjl",
            "title": "What are they called? (if they are twins, just list both names)",
            "ref": "48ce2b0d-230c-44f1-8db4-aa40c49fa51c",
            "properties": {
              "description": "For example: 'Harris', or 'Zoe and Billy'"
            },
            "validations": {
              "required": true
            },
            "type": "short_text"
          },
          {
            "id": "VGuzwp6bHFPD",
            "title": "How old was {{hidden:child}} when {{field:48ce2b0d-230c-44f1-8db4-aa40c49fa51c}} was born?",
            "ref": "903df63b-55d9-4b11-97ef-d894c220532b",
            "properties": {},
            "validations": {
              "required": true
            },
            "type": "short_text"
          },
          {
            "id": "Tw6juigQ56C8",
            "title": "Do you refer to them as {{hidden:child}}'s ",
            "ref": "162f6905-597c-45c8-b1ca-2d2b228bb36d",
            "properties": {
              "randomize": false,
              "allow_multiple_selection": false,
              "allow_other_choice": false,
              "vertical_alignment": true,
              "choices": [
                {
                  "id": "znqDlHj8M7uU",
                  "ref": "dfda7cff-4672-4611-83c9-3e4ab35ccc0b",
                  "label": "sister"
                },
                {
                  "id": "uKoY52HsJ7bH",
                  "ref": "26b2ad6d-2bc3-40e2-870d-bc68c6017c29",
                  "label": "brother"
                },
                {
                  "id": "6qjwPDyHGa0n",
                  "ref": "199ba641-e890-4489-a5c1-a7b0443fe8bb",
                  "label": "sisters"
                },
                {
                  "id": "efCKaVxGVU6m",
                  "ref": "0103d771-7516-4ed7-a435-54eb98a9e4db",
                  "label": "brothers"
                },
                {
                  "id": "jZoRjcWxHChP",
                  "ref": "f7e6005d-d2ed-4cfe-8ca8-687f24d9334a",
                  "label": "brother and sister"
                },
                {
                  "id": "nBdGlYhpRJVK",
                  "ref": "5b67e98b-256c-4d34-98df-1dd875a0111e",
                  "label": "siblings"
                }
              ]
            },
            "validations": {
              "required": true
            },
            "type": "multiple_choice"
          },
          {
            "id": "Tk034hLqLKQp",
            "title": "The text in the book is going to read\n_*'And then, when you were*_ _*{{field:903df63b-55d9-4b11-97ef-d894c220532b}}*__* old, your*_ _*{{field:162f6905-597c-45c8-b1ca-2d2b228bb36d}}*_ _*{{field:48ce2b0d-230c-44f1-8db4-aa40c49fa51c}}*__* joined us. Welcome*_ _*{{field:48ce2b0d-230c-44f1-8db4-aa40c49fa51c}}*__*!'*_\n",
            "ref": "cf20ca82-3f95-48d2-8b5b-ddcaa6cabf1b",
            "properties": {
              "randomize": false,
              "allow_multiple_selection": false,
              "allow_other_choice": false,
              "vertical_alignment": true,
              "choices": [
                {
                  "id": "H56fPu94VuxG",
                  "ref": "9d4be5f4-b8b9-4df2-92f5-a880fe39a6d8",
                  "label": "That's right"
                },
                {
                  "id": "iVpg2QaKPHef",
                  "ref": "dbd02db3-16cb-453c-8447-408422c38f5a",
                  "label": "I'd like to correct something"
                }
              ]
            },
            "validations": {
              "required": true
            },
            "type": "multiple_choice"
          },
          {
            "id": "0E1GEhzy1M7V",
            "title": "Please upload a photo of {{field:48ce2b0d-230c-44f1-8db4-aa40c49fa51c}}",
            "ref": "407910ad-69bc-4a8d-b020-fbffa3a99818",
            "properties": {},
            "validations": {
              "required": true
            },
            "type": "file_upload"
          },
          {
            "id": "axX8MsNRLcaH",
            "title": "Did you have another child after {{field:48ce2b0d-230c-44f1-8db4-aa40c49fa51c}}?",
            "ref": "8b9c1e5a-6f29-4b3a-8283-b91c937f800a",
            "properties": {},
            "validations": {
              "required": true
            },
            "type": "yes_no"
          },
          {
            "id": "TdDoHe3ywPsO",
            "title": "What are they called?",
            "ref": "1a4f125f-a1c0-4479-bab4-697f1e9b052f",
            "properties": {},
            "validations": {
              "required": true
            },
            "type": "short_text"
          },
          {
            "id": "9uLBHKKth8qv",
            "title": "How old was {{hidden:child}} when they were born?",
            "ref": "bf82b652-d453-4e7c-91d7-06ffbb56feec",
            "properties": {},
            "validations": {
              "required": true
            },
            "type": "short_text"
          },
          {
            "id": "vQvIcOtbWE2K",
            "title": "Do you refer to them as {{hidden:child}}'s ",
            "ref": "0410f3d7-e3a8-453d-aed9-6c3364082b0d",
            "properties": {
              "randomize": false,
              "allow_multiple_selection": false,
              "allow_other_choice": false,
              "vertical_alignment": true,
              "choices": [
                {
                  "id": "MQ70fD1ZExha",
                  "ref": "082e40f6-d43d-46d6-a50c-33ba13037099",
                  "label": "sister"
                },
                {
                  "id": "c6r8MzlITmGT",
                  "ref": "2538af19-3193-44f2-8630-8175ec282442",
                  "label": "brother"
                },
                {
                  "id": "YKqgcf3txXOh",
                  "ref": "b14db29e-6a24-40b9-9157-92628e6eefb0",
                  "label": "sisters"
                },
                {
                  "id": "K9xSOPDvmfHh",
                  "ref": "610e8b0a-fb97-4fb5-8c82-fa41faabf77d",
                  "label": "brothers"
                },
                {
                  "id": "qZsD7z0yuupe",
                  "ref": "c3fe8b22-0e9d-4f6e-964b-2b21efcca8c2",
                  "label": "sister and brother"
                },
                {
                  "id": "u04Km0zAfZar",
                  "ref": "ab40af57-ebef-48eb-b032-797f315e6e40",
                  "label": "siblings"
                }
              ]
            },
            "validations": {
              "required": true
            },
            "type": "multiple_choice"
          },
          {
            "id": "6zJjSByZlP43",
            "title": "The text is going to read\n_*'When you were*_ _*{{field:bf82b652-d453-4e7c-91d7-06ffbb56feec}}*__* old, our family grew once again: we welcomed*_ _*{{field:1a4f125f-a1c0-4479-bab4-697f1e9b052f}}*__*, your*_ {{field:0410f3d7-e3a8-453d-aed9-6c3364082b0d}}_* into our family!'*_",
            "ref": "d3a875d5-e92c-4ac8-9533-6e293fde3c63",
            "properties": {
              "randomize": false,
              "allow_multiple_selection": false,
              "allow_other_choice": false,
              "vertical_alignment": true,
              "choices": [
                {
                  "id": "Cl60O6pGJ9S6",
                  "ref": "61efb08c-4e6c-4a82-b5b0-3bfa6196e44a",
                  "label": "That’s right"
                },
                {
                  "id": "L7IzpIUj1Ez6",
                  "ref": "f67f7162-fb6c-4890-8a2f-d8c5144d3d7f",
                  "label": "I’d like to correct something"
                }
              ]
            },
            "validations": {
              "required": true
            },
            "type": "multiple_choice"
          },
          {
            "id": "6nglIQVYpbgd",
            "title": "Please upload a photo of {{field:1a4f125f-a1c0-4479-bab4-697f1e9b052f}}",
            "ref": "13d1b1cf-3746-4c58-9eeb-992fb322b6db",
            "properties": {},
            "validations": {
              "required": true
            },
            "type": "file_upload"
          }
        ]
      },
      "type": "group"
    },
    {
      "id": "J7bmKrTe6k3Z",
      "title": "Your home",
      "ref": "402a55b2-5266-4c77-a293-30509e871a7f",
      "properties": {
        "button_text": "Continue",
        "show_button": true,
        "fields": [
          {
            "id": "RA5KCJ9RPC9S",
            "title": "How does {{hidden:child}} refer to the place where you live? ",
            "ref": "adb9edcb-6ae1-4326-92e8-0913930fa454",
            "properties": {
              "description": "Complete the sentence\n_*'This is our home in ... '*_\n\nFor example: 'Richmond', 'Bristol' or 'the Twinkly Crescent'"
            },
            "validations": {
              "required": true
            },
            "type": "short_text"
          },
          {
            "id": "Agl6REHnSteL",
            "title": "The text is going to read\n_*'This is our home in*_ _*{{field:adb9edcb-6ae1-4326-92e8-0913930fa454}}*__*.'*_",
            "ref": "493c7cce-eb61-4eb3-a99e-c160d95c29ba",
            "properties": {
              "randomize": false,
              "allow_multiple_selection": false,
              "allow_other_choice": false,
              "vertical_alignment": true,
              "choices": [
                {
                  "id": "QmdBaiW6yrQw",
                  "ref": "91140d0f-d3c5-427e-a72d-27b396d9f50d",
                  "label": "That's right"
                },
                {
                  "id": "V6HEZ0w18D5N",
                  "ref": "efa66aba-09bc-4748-86c1-91011243f273",
                  "label": "I'd like to correct something"
                }
              ]
            },
            "validations": {
              "required": true
            },
            "type": "multiple_choice"
          },
          {
            "id": "mb6VuKBoq7Zv",
            "title": "Please upload an image of your home in {{field:adb9edcb-6ae1-4326-92e8-0913930fa454}}",
            "ref": "1809d5e5-ab00-4044-ad20-eeb1f14bcac5",
            "properties": {
              "description": "For example: a picture of the building, the living room or the sofa"
            },
            "validations": {
              "required": true
            },
            "type": "file_upload"
          }
        ]
      },
      "type": "group"
    },
    {
      "id": "f6E8WlAaUti5",
      "title": "Do you have any pets? ",
      "ref": "10509c84-f882-403d-80a0-8dad559afaf4",
      "properties": {},
      "validations": {
        "required": true
      },
      "type": "yes_no"
    },
    {
      "id": "WZjhwh0L0AHI",
      "title": "Family pets",
      "ref": "eb903607-14d3-4af4-a56d-02e524d46041",
      "properties": {
        "button_text": "Continue",
        "show_button": true,
        "fields": [
          {
            "id": "oMXPqfGH7ylB",
            "title": "Do you have",
            "ref": "f7df7057-b8ac-41ae-b5e6-18ee1ffc0981",
            "properties": {
              "randomize": false,
              "allow_multiple_selection": false,
              "allow_other_choice": false,
              "vertical_alignment": true,
              "choices": [
                {
                  "id": "FRn2Y2UA0lOb",
                  "ref": "f3350698-497d-42cd-be7d-58c0566d1274",
                  "label": "One family pet"
                },
                {
                  "id": "fnZtcwF8haeZ",
                  "ref": "b4da72e1-8343-4954-962e-157611a386a7",
                  "label": "More than one, but of the same species (eg two cats)"
                },
                {
                  "id": "yNas0lqsIDqH",
                  "ref": "3b53c2a8-39e9-4011-97cc-5970bef27554",
                  "label": "We have pets of different species"
                }
              ]
            },
            "validations": {
              "required": true
            },
            "type": "multiple_choice"
          },
          {
            "id": "gfo9EPKNVw1k",
            "title": "What is your family pet called?",
            "ref": "ebfc0680-c3ad-401f-98ee-1a541a2ca9c2",
            "properties": {},
            "validations": {
              "required": true
            },
            "type": "short_text"
          },
          {
            "id": "TpLaljNAifH0",
            "title": "What species is {{field:ebfc0680-c3ad-401f-98ee-1a541a2ca9c2}}",
            "ref": "6cb5701a-4624-4f2f-b5b9-0870b6db70b0",
            "properties": {},
            "validations": {
              "required": true
            },
            "type": "short_text"
          },
          {
            "id": "6KpKEpQTD1XI",
            "title": "What does {{field:ebfc0680-c3ad-401f-98ee-1a541a2ca9c2}} like?",
            "ref": "d4a4517d-bad0-4fed-93f8-730309f47122",
            "properties": {
              "description": "For example: 'stealing our socks', 'sitting on our laps', 'her dog toys'"
            },
            "validations": {
              "required": true
            },
            "type": "short_text"
          },
          {
            "id": "kLceWuwCUNv7",
            "title": "The text is going to read\n_*'*__*{{field:ebfc0680-c3ad-401f-98ee-1a541a2ca9c2}}*__* is our*_ _*{{field:6cb5701a-4624-4f2f-b5b9-0870b6db70b0}}*__*.*_ _*{{field:ebfc0680-c3ad-401f-98ee-1a541a2ca9c2}}*__* likes*_ _*{{field:d4a4517d-bad0-4fed-93f8-730309f47122}}*__*.'*_",
            "ref": "90ab0036-523c-4576-ab22-9aabdf26b31d",
            "properties": {
              "randomize": false,
              "allow_multiple_selection": false,
              "allow_other_choice": false,
              "vertical_alignment": true,
              "choices": [
                {
                  "id": "jge94VFBUKFs",
                  "ref": "04ccb8cb-1d02-4b0c-a8f6-732f71287f0e",
                  "label": "That's right"
                },
                {
                  "id": "KbqNchjbMzjm",
                  "ref": "ad78a1ce-f93a-46b4-874c-de56dbb906ed",
                  "label": "I'd like to correct something"
                }
              ]
            },
            "validations": {
              "required": true
            },
            "type": "multiple_choice"
          },
          {
            "id": "wmSdUpN4B9xR",
            "title": "What are they called?",
            "ref": "0a610e3a-9517-40f5-a02b-24a4070a9c31",
            "properties": {},
            "validations": {
              "required": true
            },
            "type": "short_text"
          },
          {
            "id": "Z4tEfTHGSWXz",
            "title": "What species are {{field:0a610e3a-9517-40f5-a02b-24a4070a9c31}}?",
            "ref": "787c51ee-46a7-462b-8e81-83c98bad30e4",
            "properties": {},
            "validations": {
              "required": true
            },
            "type": "short_text"
          },
          {
            "id": "yVcWVEzxxQAd",
            "title": "What do they like?",
            "ref": "4706f42f-3a67-4ff5-90f8-457045ef8822",
            "properties": {
              "description": "For example: 'lying on the sofa', 'cuddles', 'their toys'"
            },
            "validations": {
              "required": true
            },
            "type": "short_text"
          },
          {
            "id": "20vDou1Epr57",
            "title": "The text is going to read\n_*'*__*{{field:0a610e3a-9517-40f5-a02b-24a4070a9c31}}*__* are our*_ _*{{field:787c51ee-46a7-462b-8e81-83c98bad30e4}}*__*. They like*_ _*{{field:4706f42f-3a67-4ff5-90f8-457045ef8822}}*__*.'*_",
            "ref": "45c149e4-ddeb-4a42-899c-52ed6e570fcf",
            "properties": {
              "randomize": false,
              "allow_multiple_selection": false,
              "allow_other_choice": false,
              "vertical_alignment": true,
              "choices": [
                {
                  "id": "4lbQZ7jKdW0D",
                  "ref": "29ac3a95-866f-4042-8797-b6146d783bd6",
                  "label": "That's right"
                },
                {
                  "id": "BN8MA1x6vy6r",
                  "ref": "238b8015-b6b0-4ddc-83bb-e0da19ff8860",
                  "label": "I'd like to correct something"
                }
              ]
            },
            "validations": {
              "required": true
            },
            "type": "multiple_choice"
          },
          {
            "id": "ZcBm6h0ivfmu",
            "title": "What are they called?",
            "ref": "588ea767-864e-4e34-9033-1ea991363be4",
            "properties": {},
            "validations": {
              "required": true
            },
            "type": "short_text"
          },
          {
            "id": "QgXOUsBqQykb",
            "title": "The text is going to read\n_*'We like looking after our pets*__*{{field:588ea767-864e-4e34-9033-1ea991363be4}}*__*.'*_",
            "ref": "71d85028-ce9a-4d9f-b7e9-5b43fae8209b",
            "properties": {
              "randomize": false,
              "allow_multiple_selection": false,
              "allow_other_choice": false,
              "vertical_alignment": true,
              "choices": [
                {
                  "id": "NbgpoPBAs1Il",
                  "ref": "1b4d9448-1847-42c2-9c9e-11b5c7d275b9",
                  "label": "That's right"
                },
                {
                  "id": "DOgFLPHRRskZ",
                  "ref": "a4d135a1-af8b-4b23-b763-6e3ba5ac01f6",
                  "label": "I'd like to correct something"
                }
              ]
            },
            "validations": {
              "required": true
            },
            "type": "multiple_choice"
          },
          {
            "id": "PBhOxemKTSzS",
            "title": "Please upload a photo of your pet(s)",
            "ref": "0cd15df5-402c-452b-8072-be0d6823fc34",
            "properties": {},
            "validations": {
              "required": true
            },
            "type": "file_upload"
          },
          {
            "id": "Cg4KCLf9zPTz",
            "title": "Please upload a second photo of your pet(s)",
            "ref": "6125d4dc-87df-430a-93aa-59f0def73b70",
            "properties": {},
            "validations": {
              "required": true
            },
            "type": "file_upload"
          },
          {
            "id": "9L2A8EBkHbDs",
            "title": "Would you like to upload a third photo of your pet(s)?",
            "ref": "f2be332c-57c8-4851-9596-35c922516444",
            "properties": {},
            "validations": {
              "required": true
            },
            "type": "yes_no"
          },
          {
            "id": "ScFUNdfYnzTN",
            "title": "Please upload the third photo of your pets",
            "ref": "e248d7ed-fc0a-4ffc-83bc-adc2bb5c1cf2",
            "properties": {},
            "validations": {
              "required": true
            },
            "type": "file_upload"
          }
        ]
      },
      "type": "group"
    },
    {
      "id": "uGS33VCVqisi",
      "title": "Family activities",
      "ref": "c505b89b-22fb-4014-9522-5c69a7e357f8",
      "properties": {
        "button_text": "Continue",
        "show_button": true,
        "fields": [
          {
            "id": "GLr3opfEdW64",
            "title": "What kind of activity do you like doing as a family at the weekend? ",
            "ref": "669966ab-dd5a-4b97-892b-7b6204f0eacc",
            "properties": {
              "description": "Please complete the sentence\n_*'At the weekends, we like ... .'*_\n\nFor example: 'to play boardgames', 'tending to our garden' or 'going to the park'"
            },
            "validations": {
              "required": true
            },
            "type": "short_text"
          },
          {
            "id": "KQtchr1jw4uX",
            "title": "The text in the book is going to read\n_*'At the weekends, we like to*_ _*{{field:669966ab-dd5a-4b97-892b-7b6204f0eacc}}*__*.'*_",
            "ref": "336b202a-313e-4caf-abd7-a861d767ab40",
            "properties": {
              "randomize": false,
              "allow_multiple_selection": false,
              "allow_other_choice": false,
              "vertical_alignment": true,
              "choices": [
                {
                  "id": "zx67BuIjRJQO",
                  "ref": "bcd3f838-2701-4fff-b427-58c88385c5c9",
                  "label": "That's right"
                },
                {
                  "id": "OoG5SSg7cFpF",
                  "ref": "5ef86d5d-42a4-4ce4-b392-401691a8521c",
                  "label": "I'd like to correct something"
                }
              ]
            },
            "validations": {
              "required": true
            },
            "type": "multiple_choice"
          },
          {
            "id": "UlUoTGHiaZm9",
            "title": "Please upload a photo of you {{field:669966ab-dd5a-4b97-892b-7b6204f0eacc}}",
            "ref": "f7502488-82bd-4807-b0cb-dae3695f3dab",
            "properties": {},
            "validations": {
              "required": true
            },
            "type": "file_upload"
          },
          {
            "id": "7CETOwvbZ166",
            "title": "What does {{hidden:child}} like to do? ",
            "ref": "9448630c-25d4-4522-968c-c911780dbd34",
            "properties": {
              "description": "Please complete the sentence\n_*'And you have a lot of fun ... .'*_\n\nFor example: 'jumping on the trampoline', playing dress up with her baby sister', 'making cars with Lego'"
            },
            "validations": {
              "required": true
            },
            "type": "short_text"
          },
          {
            "id": "MEh4mdg5a9jz",
            "title": "The text in the book is going to read\n_*'And you have a lot of fun*_ _*{{field:9448630c-25d4-4522-968c-c911780dbd34}}*__*.'*_",
            "ref": "4e29d19c-1c54-47c3-9d10-78daeeb6b738",
            "properties": {
              "randomize": false,
              "allow_multiple_selection": false,
              "allow_other_choice": false,
              "vertical_alignment": true,
              "choices": [
                {
                  "id": "YyQqQF3lYuLQ",
                  "ref": "8802bdc7-6238-4798-98a4-3f435602f961",
                  "label": "That's right"
                },
                {
                  "id": "AkWzgVp4f817",
                  "ref": "f6a44517-1a01-496c-9ea1-fd0d8f29b234",
                  "label": "Let me go back"
                }
              ]
            },
            "validations": {
              "required": true
            },
            "type": "multiple_choice"
          },
          {
            "id": "Ahn45E2HMsmT",
            "title": "Please upload a photo of {{hidden:child}} {{field:4e29d19c-1c54-47c3-9d10-78daeeb6b738}}",
            "ref": "a25ee14e-03a1-482e-b591-1dbb2aab61ca",
            "properties": {},
            "validations": {
              "required": true
            },
            "type": "file_upload"
          }
        ]
      },
      "type": "group"
    },
    {
      "id": "CLrqZaigm7a8",
      "title": "Do you feel you have covered the people closest to {{hidden:child}}?",
      "ref": "deb63b62-8a04-41e6-95ae-bfffa29b3936",
      "properties": {
        "description": "It's best to keep it simple and only show people actively involved in {{hidden:child}}'s family life",
        "randomize": false,
        "allow_multiple_selection": false,
        "allow_other_choice": false,
        "vertical_alignment": true,
        "choices": [
          {
            "id": "c4AUp23OzWSy",
            "ref": "78c27e15-6db7-41e5-a5d6-c7111e9164e2",
            "label": "Yes, let's move onto the next subject"
          },
          {
            "id": "sGMO4F5THb5g",
            "ref": "71b5be1b-a178-475a-a3e6-2515617475d7",
            "label": "No, we need to include more friends"
          }
        ]
      },
      "validations": {
        "required": true
      },
      "type": "multiple_choice"
    },
    {
      "id": "IOW2hSOD5muN",
      "title": "Friends",
      "ref": "4d9282d7-83b2-4361-978a-667ac3319dd5",
      "properties": {
        "button_text": "Continue",
        "show_button": true,
        "fields": [
          {
            "id": "RvPXnmvHXlO4",
            "title": "Is the first friend, or set of friends an individual, or a couple, family, or group of friends?",
            "ref": "e45dfbc4-e750-4557-a085-9527b3dda9cb",
            "properties": {
              "randomize": false,
              "allow_multiple_selection": false,
              "allow_other_choice": false,
              "vertical_alignment": true,
              "choices": [
                {
                  "id": "9eTK4mCPkBSe",
                  "ref": "94001e1d-ba35-46b3-ab11-57b570c24773",
                  "label": "Individual"
                },
                {
                  "id": "9Dr2H2mnS1Km",
                  "ref": "3909087e-02a9-49d6-801e-7ab404c294fe",
                  "label": "Couple, family, or group of friends"
                }
              ]
            },
            "validations": {
              "required": true
            },
            "type": "multiple_choice"
          },
          {
            "id": "7HNe3exEspvi",
            "title": "What is the first friend called?",
            "ref": "c25a2a3b-ed49-4cf8-831f-88c2a96f43ca",
            "properties": {
              "description": "For example: 'Susan and Tom', 'Dario', or 'the Taylors'"
            },
            "validations": {
              "required": true
            },
            "type": "short_text"
          },
          {
            "id": "j1szd8DMV8oV",
            "title": "What do you like doing together?",
            "ref": "1b55a3ff-f319-44e8-890a-7f5fa76c7ec1",
            "properties": {
              "description": "Please complete the sentence\n_*'This is our friend*_ _*{{field:c25a2a3b-ed49-4cf8-831f-88c2a96f43ca}}*__*. We like*_ ... _* together.'*_\n\nFor example: 'having BBQs', 'watching Eurovision', or 'to go to museums'"
            },
            "validations": {
              "required": true
            },
            "type": "short_text"
          },
          {
            "id": "Z23soSRD65Dc",
            "title": "The text is going to read\n_*'This is our friend*_ _*{{field:c25a2a3b-ed49-4cf8-831f-88c2a96f43ca}}*__*. We like*_ _*{{field:1b55a3ff-f319-44e8-890a-7f5fa76c7ec1}}*__* together.'*_",
            "ref": "e5ab2372-a808-4b37-8f40-a350db2198c9",
            "properties": {
              "randomize": false,
              "allow_multiple_selection": false,
              "allow_other_choice": false,
              "vertical_alignment": true,
              "choices": [
                {
                  "id": "S2argQzD70JA",
                  "ref": "c54bc5f7-81de-4050-81ed-91ec92233ec9",
                  "label": "That's right"
                },
                {
                  "id": "iy6AmRB0g9Ln",
                  "ref": "8e796d7c-1db4-4613-a5f6-3a9c6376d525",
                  "label": "I'd like to correct something"
                }
              ]
            },
            "validations": {
              "required": true
            },
            "type": "multiple_choice"
          },
          {
            "id": "gveDRXuBWaS3",
            "title": "What are they called?",
            "ref": "c11b0609-41ab-4c1e-a8ee-87a7a21a481c",
            "properties": {
              "description": "For example, 'Susan and Tom', or 'the Taylors'"
            },
            "validations": {
              "required": true
            },
            "type": "short_text"
          },
          {
            "id": "argemrO4fvw5",
            "title": "What do you like doing together?",
            "ref": "47583832-cc77-41f1-9856-bbf29a3ef78b",
            "properties": {
              "description": "Please complete the sentence\n_*'*__*{{field:c11b0609-41ab-4c1e-a8ee-87a7a21a481c}}*__* are our friends. We like ...  together.'*_\n\nFor example: 'having BBQs', 'watching Eurovision', or 'to go to museums'"
            },
            "validations": {
              "required": true
            },
            "type": "short_text"
          },
          {
            "id": "voWLtJcRRvDJ",
            "title": "The text is going to read\n_*'*__*{{field:c11b0609-41ab-4c1e-a8ee-87a7a21a481c}}*__* are our friends. We like*_ _*{{field:47583832-cc77-41f1-9856-bbf29a3ef78b}}*__* together.'*_",
            "ref": "9945cffa-6d98-4e4b-b2c5-96c473d22902",
            "properties": {
              "randomize": false,
              "allow_multiple_selection": false,
              "allow_other_choice": false,
              "vertical_alignment": true,
              "choices": [
                {
                  "id": "KW5vILA8xLPu",
                  "ref": "4663c456-7253-4897-a252-14958e7f6cb8",
                  "label": "That's right"
                },
                {
                  "id": "yJLo4BpbsIWy",
                  "ref": "a77f986e-a448-4d8e-88ff-f84d444e868b",
                  "label": "I'd like to correct something"
                }
              ]
            },
            "validations": {
              "required": true
            },
            "type": "multiple_choice"
          },
          {
            "id": "HrRoaP5xad5k",
            "title": "Please upload a picture of {{field:c25a2a3b-ed49-4cf8-831f-88c2a96f43ca}}",
            "ref": "c27c48ee-90f4-46e2-9363-aca00e4f4bb1",
            "properties": {},
            "validations": {
              "required": false
            },
            "type": "file_upload"
          },
          {
            "id": "ZSpX14z0a238",
            "title": "Would you like to include another friend?",
            "ref": "bc8d99ee-add3-419f-bb2a-fa7a7b13e09e",
            "properties": {},
            "validations": {
              "required": true
            },
            "type": "yes_no"
          },
          {
            "id": "ozk6U3aFfO48",
            "title": "Is this an individual friend, or a couple, family, or group of friends?",
            "ref": "e3695eba-9d3b-49c9-afc8-1fba5c6ad907",
            "properties": {
              "randomize": false,
              "allow_multiple_selection": false,
              "allow_other_choice": false,
              "vertical_alignment": true,
              "choices": [
                {
                  "id": "2RxZIsJoGADk",
                  "ref": "25b0f57c-8c98-441f-a10e-9233865ac440",
                  "label": "Individual"
                },
                {
                  "id": "TFteDjymTd4C",
                  "ref": "11eb9a11-de89-463b-8d69-633f66d58512",
                  "label": "Couple, family, or group of friends"
                }
              ]
            },
            "validations": {
              "required": true
            },
            "type": "multiple_choice"
          },
          {
            "id": "G1mIprzAb7O4",
            "title": "What is the second friend you'd like to include here, called?",
            "ref": "7b3f52e1-e631-474b-b575-8796fa640ff9",
            "properties": {
              "description": "For example: 'Dario' or 'Sam'"
            },
            "validations": {
              "required": true
            },
            "type": "short_text"
          },
          {
            "id": "ZjcIzS82GMc9",
            "title": "What do you like doing together?",
            "ref": "98485482-a30c-41a7-b23f-d5e53448c7f9",
            "properties": {
              "description": "_*'This is our friend*_ _*{{field:7b3f52e1-e631-474b-b575-8796fa640ff9}}*__*. We like ...  together.'*_\n\nFor example: 'having BBQs', 'watching Eurovision', or 'to go to museums'"
            },
            "validations": {
              "required": true
            },
            "type": "short_text"
          },
          {
            "id": "XocQzCUJSmHY",
            "title": "The text is going to read\n_*'This is our friend*_ _*{{field:7b3f52e1-e631-474b-b575-8796fa640ff9}}*__*. We like*_ _*{{field:98485482-a30c-41a7-b23f-d5e53448c7f9}}*__* together.'*_",
            "ref": "ff945b39-38d6-4a4a-93d5-eaaf209e5b32",
            "properties": {
              "randomize": false,
              "allow_multiple_selection": false,
              "allow_other_choice": false,
              "vertical_alignment": true,
              "choices": [
                {
                  "id": "K8comeg1U3W8",
                  "ref": "dff86e92-563e-4ee7-81af-523eabb90c79",
                  "label": "That's right"
                },
                {
                  "id": "lOHVr025iEIh",
                  "ref": "499b5334-3df7-407e-bae9-3abb7d098876",
                  "label": "I'd like to correct something"
                }
              ]
            },
            "validations": {
              "required": true
            },
            "type": "multiple_choice"
          },
          {
            "id": "4rhSgh2F8jd0",
            "title": "What are they called?",
            "ref": "e1e1b146-fac0-4e8d-a227-5692a3c8752e",
            "properties": {
              "description": "For example, 'Susan and Tom', or 'the Taylors'"
            },
            "validations": {
              "required": true
            },
            "type": "short_text"
          },
          {
            "id": "9I0RP6fhO3nD",
            "title": "What do you like doing together?",
            "ref": "82fe8d5a-b6a8-47ed-8ed5-8ba59eb5c135",
            "properties": {
              "description": "_*'This is our friend*_ _*{{field:e1e1b146-fac0-4e8d-a227-5692a3c8752e}}*__*. We like ...  together.'*_\n\nFor example: 'having BBQs', 'watching Eurovision', or 'to go to museums'"
            },
            "validations": {
              "required": true
            },
            "type": "short_text"
          },
          {
            "id": "dWM1Uu1gCNcH",
            "title": "The text is going to read\n_*'*__*{{field:e1e1b146-fac0-4e8d-a227-5692a3c8752e}}*__* are our friends. We like*_ _*{{field:82fe8d5a-b6a8-47ed-8ed5-8ba59eb5c135}}*__* together.'*_",
            "ref": "b3f43a7b-219b-4716-a4e4-2be72c5db9d4",
            "properties": {
              "randomize": false,
              "allow_multiple_selection": false,
              "allow_other_choice": false,
              "vertical_alignment": true,
              "choices": [
                {
                  "id": "52nNnbXsWnvG",
                  "ref": "3121469d-37de-4cef-85bc-748934b3fa6a",
                  "label": "That’s right"
                },
                {
                  "id": "uiLB0o8CtUGY",
                  "ref": "72d7c48c-881d-44db-8312-3ee87f0c9b0d",
                  "label": "I’d like to correct something"
                }
              ]
            },
            "validations": {
              "required": true
            },
            "type": "multiple_choice"
          },
          {
            "id": "Ae5wrKiVxB3V",
            "title": "Please upload a picture of {{field:7b3f52e1-e631-474b-b575-8796fa640ff9}}",
            "ref": "450896cc-d295-48d7-82b2-5f4a4a091ea1",
            "properties": {},
            "validations": {
              "required": false
            },
            "type": "file_upload"
          }
        ]
      },
      "type": "group"
    },
    {
      "id": "0yxGKgalf1P4",
      "title": "Family fun",
      "ref": "37363f3d-5619-4b4f-9c25-05abe6193f14",
      "properties": {
        "button_text": "Continue",
        "show_button": true,
        "fields": [
          {
            "id": "DunbGn7hoiu2",
            "title": "Where did you go on your best day out or holiday? ",
            "ref": "1223637a-0dad-4362-84f9-c5955f2ad7c5",
            "properties": {
              "description": "Please answer as if completing the following sentence\n_*'We love spending time as a family, like the time we went to*_ ... .'\n\nFor example, 'Cornwall', or 'Hadley Castle in Essex', 'Columbia flower market'"
            },
            "validations": {
              "required": true
            },
            "type": "short_text"
          },
          {
            "id": "WkC19HwloiTy",
            "title": "What was your favourite activity in {{field:1223637a-0dad-4362-84f9-c5955f2ad7c5}}?",
            "ref": "7786a157-1574-47f8-9e18-22acad0fc3d7",
            "properties": {},
            "validations": {
              "required": true
            },
            "type": "short_text"
          },
          {
            "id": "1bdicXExkcfT",
            "title": "The text in the book is going to read\n_*'We love spending time as a family, like the time we went to*_ _*{{field:7786a157-1574-47f8-9e18-22acad0fc3d7}}*__*. We enjoyed*_ _*{{field:7786a157-1574-47f8-9e18-22acad0fc3d7}}*__*.'*_",
            "ref": "64aaff52-781e-4639-9f92-bedb3b618a70",
            "properties": {
              "randomize": false,
              "allow_multiple_selection": false,
              "allow_other_choice": false,
              "vertical_alignment": true,
              "choices": [
                {
                  "id": "soES9ff3fhVB",
                  "ref": "879af622-300e-45d3-bf82-531465f82e43",
                  "label": "That’s right"
                },
                {
                  "id": "2ZPpx5p71i2k",
                  "ref": "e69c56a0-94b3-4d09-9412-760fd429a7ab",
                  "label": "I’d like to correct something"
                }
              ]
            },
            "validations": {
              "required": true
            },
            "type": "multiple_choice"
          },
          {
            "id": "yCQfLfuv3cXZ",
            "title": "Please upload the first of up to three photos in {{field:1223637a-0dad-4362-84f9-c5955f2ad7c5}}",
            "ref": "413004a8-41c4-48e9-94e0-7be8e3f27ee7",
            "properties": {},
            "validations": {
              "required": true
            },
            "type": "file_upload"
          },
          {
            "id": "H2BtCaNzXFHn",
            "title": "Please upload the second photo in {{field:1223637a-0dad-4362-84f9-c5955f2ad7c5}}",
            "ref": "fb345373-939b-42c1-b93e-c60161d09cfa",
            "properties": {},
            "validations": {
              "required": true
            },
            "type": "file_upload"
          },
          {
            "id": "nmUnj1XulGnz",
            "title": "Would you like to upload a third photo?",
            "ref": "eb3a8c2f-cdf7-4102-928d-d3028f2b6b7a",
            "properties": {},
            "validations": {
              "required": true
            },
            "type": "yes_no"
          },
          {
            "id": "N5QFzWFbSAj4",
            "title": "Please upload the third photo of your time in {{field:1223637a-0dad-4362-84f9-c5955f2ad7c5}}",
            "ref": "73b6f6ea-73d6-40e4-a9f2-40ac4b4dc44b",
            "properties": {},
            "validations": {
              "required": true
            },
            "type": "file_upload"
          }
        ]
      },
      "type": "group"
    },
    {
      "id": "B310VEPVwvvG",
      "title": "Family celebrations",
      "ref": "e47d1924-149f-4fe0-a0aa-097074413611",
      "properties": {
        "button_text": "Continue",
        "show_button": true,
        "fields": [
          {
            "id": "odwC98jk0ydk",
            "title": "Would you like to include a family celebration?",
            "ref": "39318eb0-6d8e-480c-90d0-afb5dc7952e8",
            "properties": {
              "description": "This could be a relative's wedding, birthday celebration, or a party"
            },
            "validations": {
              "required": true
            },
            "type": "yes_no"
          },
          {
            "id": "03XvzIZ3qofZ",
            "title": "What was the occasion?",
            "ref": "c8ae2afd-1389-4e97-a1f7-78e05289f2a6",
            "properties": {
              "description": "Please complete the following sentence\n_*'We celebrated ... .'*_ \n\nFor example: 'a party in our house', 'Uncle Michael's 50th birthday' or 'Auntie Ella's wedding'"
            },
            "validations": {
              "required": true
            },
            "type": "short_text"
          },
          {
            "id": "gHG8mlxO3tOb",
            "title": "The text in the book is going to read \n_*'We celebrated*_ _*{{field:c8ae2afd-1389-4e97-a1f7-78e05289f2a6}}*__*.'*_",
            "ref": "ac68ad93-f6ad-4b3a-b9a6-dcfab186a2e2",
            "properties": {
              "randomize": false,
              "allow_multiple_selection": false,
              "allow_other_choice": false,
              "vertical_alignment": true,
              "choices": [
                {
                  "id": "ZnRRW9QO7NkB",
                  "ref": "155f27a4-6406-493e-a6f3-d6ee61e3f40f",
                  "label": "That's right"
                },
                {
                  "id": "54ibbECFtOkq",
                  "ref": "00412109-7a23-438d-bb68-14b9ebf0177e",
                  "label": "I'd like to correct something"
                }
              ]
            },
            "validations": {
              "required": true
            },
            "type": "multiple_choice"
          },
          {
            "id": "VsW5eJPcdAjr",
            "title": "Please upload an image of {{field:c8ae2afd-1389-4e97-a1f7-78e05289f2a6}}.",
            "ref": "3df0b779-43bc-4a53-ab11-49923de1e67b",
            "properties": {},
            "validations": {
              "required": true
            },
            "type": "file_upload"
          },
          {
            "id": "SLvqG4VF2ANO",
            "title": "Would you like to upload another image?",
            "ref": "98da963a-f8fb-4af9-bef3-d1a85528330b",
            "properties": {},
            "validations": {
              "required": true
            },
            "type": "yes_no"
          },
          {
            "id": "qxaq4SAiDoqI",
            "title": "Please upload the second image of {{field:c8ae2afd-1389-4e97-a1f7-78e05289f2a6}}",
            "ref": "fa44b847-3a5a-484f-a10e-1b3e3cb52d1e",
            "properties": {},
            "validations": {
              "required": true
            },
            "type": "file_upload"
          },
          {
            "id": "p5oYLMFzfyJ1",
            "title": "Would you like to include another family occasion?",
            "ref": "6ba10761-fe03-4d02-8d9b-8f9e5e6e594e",
            "properties": {
              "description": "This could be a wedding, birthday celebration, or a party"
            },
            "validations": {
              "required": true
            },
            "type": "yes_no"
          },
          {
            "id": "AwRGWX3eHdoE",
            "title": "What was the occasion?",
            "ref": "93c1f7b2-710d-4da2-b12d-2b26eb5e2d9a",
            "properties": {
              "description": "Please complete the following sentence\n_*'And this is us at ... .'*_ \n\nFor example: 'a party in our house', 'Uncle Michael's 50th birthday' or 'Auntie Ella's wedding'"
            },
            "validations": {
              "required": true
            },
            "type": "short_text"
          },
          {
            "id": "aDJxmgJUMIo0",
            "title": "The text in the book is going to read: \n\n_*'And this is us at*_ _*{{field:93c1f7b2-710d-4da2-b12d-2b26eb5e2d9a}}*__*.'*_",
            "ref": "759f0e7b-a5c9-4ecf-9247-889dc10afe84",
            "properties": {
              "randomize": false,
              "allow_multiple_selection": false,
              "allow_other_choice": false,
              "vertical_alignment": true,
              "choices": [
                {
                  "id": "EHHUPwi4J5qr",
                  "ref": "1a516a9a-ce7e-41a8-9185-ad606d8ff141",
                  "label": "That’s right"
                },
                {
                  "id": "xtVDcXfrr6Oa",
                  "ref": "9fbea314-5f42-4e36-bd7c-cd958ff69caf",
                  "label": "I’d like to correct something"
                }
              ]
            },
            "validations": {
              "required": true
            },
            "type": "multiple_choice"
          },
          {
            "id": "iY4CkVtJ8htI",
            "title": "Please upload an image of {{field:93c1f7b2-710d-4da2-b12d-2b26eb5e2d9a}}",
            "ref": "f5826f58-2edd-453f-94d9-a1b65c56a608",
            "properties": {},
            "validations": {
              "required": true
            },
            "type": "file_upload"
          },
          {
            "id": "Nd41pg9mTFvW",
            "title": "Would you like to upload another image?",
            "ref": "ec308763-5149-4f01-8c62-c2954295e008",
            "properties": {},
            "validations": {
              "required": true
            },
            "type": "yes_no"
          },
          {
            "id": "DCJsKE4moinX",
            "title": "Please upload the second image of {{field:93c1f7b2-710d-4da2-b12d-2b26eb5e2d9a}} here",
            "ref": "1eb869c3-27db-4c10-9cba-2e72633dbd85",
            "properties": {},
            "validations": {
              "required": true
            },
            "type": "file_upload"
          }
        ]
      },
      "type": "group"
    },
    {
      "id": "agypGXGwEcv0",
      "title": "Sign off and favourite images",
      "ref": "9fd31fc9-26ce-4b22-a8d5-d1d00b448c31",
      "properties": {
        "button_text": "Continue",
        "show_button": true,
        "fields": [
          {
            "id": "koXLcdynyTL7",
            "title": "At the end of your family book there is space for up to three of your favourite pictures if you haven't use them in the book already. Would you like to include some images here? ",
            "ref": "169eab72-6cea-473a-b662-2ecc09ec1dcd",
            "properties": {
              "description": "\nThe text is going to read\n_*'And this is the story of our family so far. And while we don't know where our next family adventure will take us, one thing is for sure – we'll always love you and be there for you.'*_\n\nImages could be favourite portraits, anything you haven't been able to include, or {{hidden:child}}'s drawings\n"
            },
            "validations": {
              "required": true
            },
            "type": "yes_no"
          },
          {
            "id": "Xnvxqfpm1OCQ",
            "title": "Please upload the first of your favourite images here",
            "ref": "4b1da800-0f14-463f-a7f6-faf2fdd55ce5",
            "properties": {},
            "validations": {
              "required": true
            },
            "type": "file_upload"
          },
          {
            "id": "2duMarjl4R7g",
            "title": "Would you like to upload a second image?",
            "ref": "addab109-ee88-4617-990e-85ee0e4ee8f4",
            "properties": {},
            "validations": {
              "required": true
            },
            "type": "yes_no"
          },
          {
            "id": "EPOv7sM3pIbM",
            "title": "Please upload the second of your favourite images here",
            "ref": "ca6b7708-fb3b-4c00-9e48-503b6aac0dd6",
            "properties": {},
            "validations": {
              "required": true
            },
            "type": "file_upload"
          },
          {
            "id": "94rr5Ie3H7lM",
            "title": "Would you like to upload a third image?",
            "ref": "1016ff10-0f72-471c-b945-4465117a12dd",
            "properties": {},
            "validations": {
              "required": true
            },
            "type": "yes_no"
          },
          {
            "id": "oJdPGLAUBTgX",
            "title": "Please upload the third of your favourite images here",
            "ref": "1f70d022-b14e-45cf-a6b8-33b422ede4b2",
            "properties": {},
            "validations": {
              "required": true
            },
            "type": "file_upload"
          }
        ]
      },
      "type": "group"
    },
    {
      "id": "Ha5wH66Rx726",
      "title": "This is the end of the last questionnaire. Please take this opportunity to go through the questionnaire to make sure it's all correct",
      "ref": "18816f9e-36fc-4435-8b0d-87ef912b9349",
      "properties": {
        "button_text": "Continue",
        "hide_marks": false
      },
      "type": "statement"
    }
  ],
  "hidden": [
    "respondent",
    "partner",
    "child"
  ],
  "logic": [
    {
      "type": "field",
      "ref": "336b202a-313e-4caf-abd7-a861d767ab40",
      "actions": [
        {
          "action": "jump",
          "details": {
            "to": {
              "type": "field",
              "value": "f7502488-82bd-4807-b0cb-dae3695f3dab"
            }
          },
          "condition": {
            "op": "is",
            "vars": [
              {
                "type": "field",
                "value": "336b202a-313e-4caf-abd7-a861d767ab40"
              },
              {
                "type": "choice",
                "value": "bcd3f838-2701-4fff-b427-58c88385c5c9"
              }
            ]
          }
        },
        {
          "action": "jump",
          "details": {
            "to": {
              "type": "field",
              "value": "669966ab-dd5a-4b97-892b-7b6204f0eacc"
            }
          },
          "condition": {
            "op": "always",
            "vars": []
          }
        }
      ]
    },
    {
      "type": "field",
      "ref": "4e29d19c-1c54-47c3-9d10-78daeeb6b738",
      "actions": [
        {
          "action": "jump",
          "details": {
            "to": {
              "type": "field",
              "value": "a25ee14e-03a1-482e-b591-1dbb2aab61ca"
            }
          },
          "condition": {
            "op": "is",
            "vars": [
              {
                "type": "field",
                "value": "4e29d19c-1c54-47c3-9d10-78daeeb6b738"
              },
              {
                "type": "choice",
                "value": "8802bdc7-6238-4798-98a4-3f435602f961"
              }
            ]
          }
        },
        {
          "action": "jump",
          "details": {
            "to": {
              "type": "field",
              "value": "9448630c-25d4-4522-968c-c911780dbd34"
            }
          },
          "condition": {
            "op": "always",
            "vars": []
          }
        }
      ]
    },
    {
      "type": "field",
      "ref": "64aaff52-781e-4639-9f92-bedb3b618a70",
      "actions": [
        {
          "action": "jump",
          "details": {
            "to": {
              "type": "field",
              "value": "413004a8-41c4-48e9-94e0-7be8e3f27ee7"
            }
          },
          "condition": {
            "op": "is",
            "vars": [
              {
                "type": "field",
                "value": "64aaff52-781e-4639-9f92-bedb3b618a70"
              },
              {
                "type": "choice",
                "value": "879af622-300e-45d3-bf82-531465f82e43"
              }
            ]
          }
        },
        {
          "action": "jump",
          "details": {
            "to": {
              "type": "field",
              "value": "1223637a-0dad-4362-84f9-c5955f2ad7c5"
            }
          },
          "condition": {
            "op": "always",
            "vars": []
          }
        }
      ]
    },
    {
      "type": "field",
      "ref": "39318eb0-6d8e-480c-90d0-afb5dc7952e8",
      "actions": [
        {
          "action": "jump",
          "details": {
            "to": {
              "type": "field",
              "value": "c8ae2afd-1389-4e97-a1f7-78e05289f2a6"
            }
          },
          "condition": {
            "op": "is",
            "vars": [
              {
                "type": "field",
                "value": "39318eb0-6d8e-480c-90d0-afb5dc7952e8"
              },
              {
                "type": "constant",
                "value": true
              }
            ]
          }
        },
        {
          "action": "jump",
          "details": {
            "to": {
              "type": "field",
              "value": "169eab72-6cea-473a-b662-2ecc09ec1dcd"
            }
          },
          "condition": {
            "op": "always",
            "vars": []
          }
        }
      ]
    },
    {
      "type": "field",
      "ref": "ac68ad93-f6ad-4b3a-b9a6-dcfab186a2e2",
      "actions": [
        {
          "action": "jump",
          "details": {
            "to": {
              "type": "field",
              "value": "3df0b779-43bc-4a53-ab11-49923de1e67b"
            }
          },
          "condition": {
            "op": "is",
            "vars": [
              {
                "type": "field",
                "value": "ac68ad93-f6ad-4b3a-b9a6-dcfab186a2e2"
              },
              {
                "type": "choice",
                "value": "155f27a4-6406-493e-a6f3-d6ee61e3f40f"
              }
            ]
          }
        },
        {
          "action": "jump",
          "details": {
            "to": {
              "type": "field",
              "value": "39318eb0-6d8e-480c-90d0-afb5dc7952e8"
            }
          },
          "condition": {
            "op": "always",
            "vars": []
          }
        }
      ]
    },
    {
      "type": "field",
      "ref": "169eab72-6cea-473a-b662-2ecc09ec1dcd",
      "actions": [
        {
          "action": "jump",
          "details": {
            "to": {
              "type": "field",
              "value": "4b1da800-0f14-463f-a7f6-faf2fdd55ce5"
            }
          },
          "condition": {
            "op": "is",
            "vars": [
              {
                "type": "field",
                "value": "169eab72-6cea-473a-b662-2ecc09ec1dcd"
              },
              {
                "type": "constant",
                "value": true
              }
            ]
          }
        },
        {
          "action": "jump",
          "details": {
            "to": {
              "type": "field",
              "value": "18816f9e-36fc-4435-8b0d-87ef912b9349"
            }
          },
          "condition": {
            "op": "always",
            "vars": []
          }
        }
      ]
    },
    {
      "type": "field",
      "ref": "addab109-ee88-4617-990e-85ee0e4ee8f4",
      "actions": [
        {
          "action": "jump",
          "details": {
            "to": {
              "type": "field",
              "value": "ca6b7708-fb3b-4c00-9e48-503b6aac0dd6"
            }
          },
          "condition": {
            "op": "is",
            "vars": [
              {
                "type": "field",
                "value": "addab109-ee88-4617-990e-85ee0e4ee8f4"
              },
              {
                "type": "constant",
                "value": true
              }
            ]
          }
        },
        {
          "action": "jump",
          "details": {
            "to": {
              "type": "field",
              "value": "18816f9e-36fc-4435-8b0d-87ef912b9349"
            }
          },
          "condition": {
            "op": "always",
            "vars": []
          }
        }
      ]
    },
    {
      "type": "field",
      "ref": "1016ff10-0f72-471c-b945-4465117a12dd",
      "actions": [
        {
          "action": "jump",
          "details": {
            "to": {
              "type": "field",
              "value": "1f70d022-b14e-45cf-a6b8-33b422ede4b2"
            }
          },
          "condition": {
            "op": "is",
            "vars": [
              {
                "type": "field",
                "value": "1016ff10-0f72-471c-b945-4465117a12dd"
              },
              {
                "type": "constant",
                "value": true
              }
            ]
          }
        },
        {
          "action": "jump",
          "details": {
            "to": {
              "type": "field",
              "value": "18816f9e-36fc-4435-8b0d-87ef912b9349"
            }
          },
          "condition": {
            "op": "always",
            "vars": []
          }
        }
      ]
    },
    {
      "type": "field",
      "ref": "6ba10761-fe03-4d02-8d9b-8f9e5e6e594e",
      "actions": [
        {
          "action": "jump",
          "details": {
            "to": {
              "type": "field",
              "value": "93c1f7b2-710d-4da2-b12d-2b26eb5e2d9a"
            }
          },
          "condition": {
            "op": "is",
            "vars": [
              {
                "type": "field",
                "value": "6ba10761-fe03-4d02-8d9b-8f9e5e6e594e"
              },
              {
                "type": "constant",
                "value": true
              }
            ]
          }
        },
        {
          "action": "jump",
          "details": {
            "to": {
              "type": "field",
              "value": "169eab72-6cea-473a-b662-2ecc09ec1dcd"
            }
          },
          "condition": {
            "op": "always",
            "vars": []
          }
        }
      ]
    },
    {
      "type": "field",
      "ref": "759f0e7b-a5c9-4ecf-9247-889dc10afe84",
      "actions": [
        {
          "action": "jump",
          "details": {
            "to": {
              "type": "field",
              "value": "f5826f58-2edd-453f-94d9-a1b65c56a608"
            }
          },
          "condition": {
            "op": "is",
            "vars": [
              {
                "type": "field",
                "value": "759f0e7b-a5c9-4ecf-9247-889dc10afe84"
              },
              {
                "type": "choice",
                "value": "1a516a9a-ce7e-41a8-9185-ad606d8ff141"
              }
            ]
          }
        },
        {
          "action": "jump",
          "details": {
            "to": {
              "type": "field",
              "value": "6ba10761-fe03-4d02-8d9b-8f9e5e6e594e"
            }
          },
          "condition": {
            "op": "always",
            "vars": []
          }
        }
      ]
    },
    {
      "type": "field",
      "ref": "39689ae1-de94-422c-a841-c78f56e89694",
      "actions": [
        {
          "action": "jump",
          "details": {
            "to": {
              "type": "field",
              "value": "cc90a358-3be6-4db0-8407-2dd08c6d6292"
            }
          },
          "condition": {
            "op": "is",
            "vars": [
              {
                "type": "field",
                "value": "39689ae1-de94-422c-a841-c78f56e89694"
              },
              {
                "type": "constant",
                "value": true
              }
            ]
          }
        },
        {
          "action": "jump",
          "details": {
            "to": {
              "type": "field",
              "value": "adb9edcb-6ae1-4326-92e8-0913930fa454"
            }
          },
          "condition": {
            "op": "always",
            "vars": []
          }
        }
      ]
    },
    {
      "type": "field",
      "ref": "5ff925a0-cc7a-48f4-af00-e14452214d70",
      "actions": [
        {
          "action": "jump",
          "details": {
            "to": {
              "type": "field",
              "value": "48ce2b0d-230c-44f1-8db4-aa40c49fa51c"
            }
          },
          "condition": {
            "op": "is",
            "vars": [
              {
                "type": "field",
                "value": "5ff925a0-cc7a-48f4-af00-e14452214d70"
              },
              {
                "type": "constant",
                "value": true
              }
            ]
          }
        },
        {
          "action": "jump",
          "details": {
            "to": {
              "type": "field",
              "value": "adb9edcb-6ae1-4326-92e8-0913930fa454"
            }
          },
          "condition": {
            "op": "always",
            "vars": []
          }
        }
      ]
    },
    {
      "type": "field",
      "ref": "8b9c1e5a-6f29-4b3a-8283-b91c937f800a",
      "actions": [
        {
          "action": "jump",
          "details": {
            "to": {
              "type": "field",
              "value": "1a4f125f-a1c0-4479-bab4-697f1e9b052f"
            }
          },
          "condition": {
            "op": "is",
            "vars": [
              {
                "type": "field",
                "value": "8b9c1e5a-6f29-4b3a-8283-b91c937f800a"
              },
              {
                "type": "constant",
                "value": true
              }
            ]
          }
        },
        {
          "action": "jump",
          "details": {
            "to": {
              "type": "field",
              "value": "adb9edcb-6ae1-4326-92e8-0913930fa454"
            }
          },
          "condition": {
            "op": "always",
            "vars": []
          }
        }
      ]
    },
    {
      "type": "field",
      "ref": "deb63b62-8a04-41e6-95ae-bfffa29b3936",
      "actions": [
        {
          "action": "jump",
          "details": {
            "to": {
              "type": "field",
              "value": "1223637a-0dad-4362-84f9-c5955f2ad7c5"
            }
          },
          "condition": {
            "op": "is",
            "vars": [
              {
                "type": "field",
                "value": "deb63b62-8a04-41e6-95ae-bfffa29b3936"
              },
              {
                "type": "choice",
                "value": "78c27e15-6db7-41e5-a5d6-c7111e9164e2"
              }
            ]
          }
        },
        {
          "action": "jump",
          "details": {
            "to": {
              "type": "field",
              "value": "e45dfbc4-e750-4557-a085-9527b3dda9cb"
            }
          },
          "condition": {
            "op": "always",
            "vars": []
          }
        }
      ]
    },
    {
      "type": "field",
      "ref": "e45dfbc4-e750-4557-a085-9527b3dda9cb",
      "actions": [
        {
          "action": "jump",
          "details": {
            "to": {
              "type": "field",
              "value": "c25a2a3b-ed49-4cf8-831f-88c2a96f43ca"
            }
          },
          "condition": {
            "op": "is",
            "vars": [
              {
                "type": "field",
                "value": "e45dfbc4-e750-4557-a085-9527b3dda9cb"
              },
              {
                "type": "choice",
                "value": "94001e1d-ba35-46b3-ab11-57b570c24773"
              }
            ]
          }
        },
        {
          "action": "jump",
          "details": {
            "to": {
              "type": "field",
              "value": "c11b0609-41ab-4c1e-a8ee-87a7a21a481c"
            }
          },
          "condition": {
            "op": "always",
            "vars": []
          }
        }
      ]
    },
    {
      "type": "field",
      "ref": "b53a21f5-9459-4632-8343-f3505cc0d0e5",
      "actions": [
        {
          "action": "jump",
          "details": {
            "to": {
              "type": "field",
              "value": "8c309cb7-2978-445c-9dd2-939fa6a45c67"
            }
          },
          "condition": {
            "op": "is",
            "vars": [
              {
                "type": "field",
                "value": "b53a21f5-9459-4632-8343-f3505cc0d0e5"
              },
              {
                "type": "choice",
                "value": "6fa262f0-7ec8-47da-9e68-a641f0b18e1c"
              }
            ]
          }
        },
        {
          "action": "jump",
          "details": {
            "to": {
              "type": "field",
              "value": "39689ae1-de94-422c-a841-c78f56e89694"
            }
          },
          "condition": {
            "op": "always",
            "vars": []
          }
        }
      ]
    },
    {
      "type": "field",
      "ref": "cf20ca82-3f95-48d2-8b5b-ddcaa6cabf1b",
      "actions": [
        {
          "action": "jump",
          "details": {
            "to": {
              "type": "field",
              "value": "407910ad-69bc-4a8d-b020-fbffa3a99818"
            }
          },
          "condition": {
            "op": "is",
            "vars": [
              {
                "type": "field",
                "value": "cf20ca82-3f95-48d2-8b5b-ddcaa6cabf1b"
              },
              {
                "type": "choice",
                "value": "9d4be5f4-b8b9-4df2-92f5-a880fe39a6d8"
              }
            ]
          }
        },
        {
          "action": "jump",
          "details": {
            "to": {
              "type": "field",
              "value": "5ff925a0-cc7a-48f4-af00-e14452214d70"
            }
          },
          "condition": {
            "op": "always",
            "vars": []
          }
        }
      ]
    },
    {
      "type": "field",
      "ref": "d3a875d5-e92c-4ac8-9533-6e293fde3c63",
      "actions": [
        {
          "action": "jump",
          "details": {
            "to": {
              "type": "field",
              "value": "13d1b1cf-3746-4c58-9eeb-992fb322b6db"
            }
          },
          "condition": {
            "op": "is",
            "vars": [
              {
                "type": "field",
                "value": "d3a875d5-e92c-4ac8-9533-6e293fde3c63"
              },
              {
                "type": "choice",
                "value": "61efb08c-4e6c-4a82-b5b0-3bfa6196e44a"
              }
            ]
          }
        },
        {
          "action": "jump",
          "details": {
            "to": {
              "type": "field",
              "value": "8b9c1e5a-6f29-4b3a-8283-b91c937f800a"
            }
          },
          "condition": {
            "op": "always",
            "vars": []
          }
        }
      ]
    },
    {
      "type": "field",
      "ref": "493c7cce-eb61-4eb3-a99e-c160d95c29ba",
      "actions": [
        {
          "action": "jump",
          "details": {
            "to": {
              "type": "field",
              "value": "1809d5e5-ab00-4044-ad20-eeb1f14bcac5"
            }
          },
          "condition": {
            "op": "is",
            "vars": [
              {
                "type": "field",
                "value": "493c7cce-eb61-4eb3-a99e-c160d95c29ba"
              },
              {
                "type": "choice",
                "value": "91140d0f-d3c5-427e-a72d-27b396d9f50d"
              }
            ]
          }
        },
        {
          "action": "jump",
          "details": {
            "to": {
              "type": "field",
              "value": "adb9edcb-6ae1-4326-92e8-0913930fa454"
            }
          },
          "condition": {
            "op": "always",
            "vars": []
          }
        }
      ]
    },
    {
      "type": "field",
      "ref": "e5ab2372-a808-4b37-8f40-a350db2198c9",
      "actions": [
        {
          "action": "jump",
          "details": {
            "to": {
              "type": "field",
              "value": "c27c48ee-90f4-46e2-9363-aca00e4f4bb1"
            }
          },
          "condition": {
            "op": "is",
            "vars": [
              {
                "type": "field",
                "value": "e5ab2372-a808-4b37-8f40-a350db2198c9"
              },
              {
                "type": "choice",
                "value": "c54bc5f7-81de-4050-81ed-91ec92233ec9"
              }
            ]
          }
        },
        {
          "action": "jump",
          "details": {
            "to": {
              "type": "field",
              "value": "deb63b62-8a04-41e6-95ae-bfffa29b3936"
            }
          },
          "condition": {
            "op": "always",
            "vars": []
          }
        }
      ]
    },
    {
      "type": "field",
      "ref": "9945cffa-6d98-4e4b-b2c5-96c473d22902",
      "actions": [
        {
          "action": "jump",
          "details": {
            "to": {
              "type": "field",
              "value": "c27c48ee-90f4-46e2-9363-aca00e4f4bb1"
            }
          },
          "condition": {
            "op": "is",
            "vars": [
              {
                "type": "field",
                "value": "9945cffa-6d98-4e4b-b2c5-96c473d22902"
              },
              {
                "type": "choice",
                "value": "4663c456-7253-4897-a252-14958e7f6cb8"
              }
            ]
          }
        },
        {
          "action": "jump",
          "details": {
            "to": {
              "type": "field",
              "value": "deb63b62-8a04-41e6-95ae-bfffa29b3936"
            }
          },
          "condition": {
            "op": "always",
            "vars": []
          }
        }
      ]
    },
    {
      "type": "field",
      "ref": "bc8d99ee-add3-419f-bb2a-fa7a7b13e09e",
      "actions": [
        {
          "action": "jump",
          "details": {
            "to": {
              "type": "field",
              "value": "e3695eba-9d3b-49c9-afc8-1fba5c6ad907"
            }
          },
          "condition": {
            "op": "is",
            "vars": [
              {
                "type": "field",
                "value": "bc8d99ee-add3-419f-bb2a-fa7a7b13e09e"
              },
              {
                "type": "constant",
                "value": true
              }
            ]
          }
        },
        {
          "action": "jump",
          "details": {
            "to": {
              "type": "field",
              "value": "1223637a-0dad-4362-84f9-c5955f2ad7c5"
            }
          },
          "condition": {
            "op": "always",
            "vars": []
          }
        }
      ]
    },
    {
      "type": "field",
      "ref": "e3695eba-9d3b-49c9-afc8-1fba5c6ad907",
      "actions": [
        {
          "action": "jump",
          "details": {
            "to": {
              "type": "field",
              "value": "7b3f52e1-e631-474b-b575-8796fa640ff9"
            }
          },
          "condition": {
            "op": "is",
            "vars": [
              {
                "type": "field",
                "value": "e3695eba-9d3b-49c9-afc8-1fba5c6ad907"
              },
              {
                "type": "choice",
                "value": "25b0f57c-8c98-441f-a10e-9233865ac440"
              }
            ]
          }
        },
        {
          "action": "jump",
          "details": {
            "to": {
              "type": "field",
              "value": "e1e1b146-fac0-4e8d-a227-5692a3c8752e"
            }
          },
          "condition": {
            "op": "always",
            "vars": []
          }
        }
      ]
    },
    {
      "type": "field",
      "ref": "ff945b39-38d6-4a4a-93d5-eaaf209e5b32",
      "actions": [
        {
          "action": "jump",
          "details": {
            "to": {
              "type": "field",
              "value": "450896cc-d295-48d7-82b2-5f4a4a091ea1"
            }
          },
          "condition": {
            "op": "is",
            "vars": [
              {
                "type": "field",
                "value": "ff945b39-38d6-4a4a-93d5-eaaf209e5b32"
              },
              {
                "type": "choice",
                "value": "dff86e92-563e-4ee7-81af-523eabb90c79"
              }
            ]
          }
        },
        {
          "action": "jump",
          "details": {
            "to": {
              "type": "field",
              "value": "bc8d99ee-add3-419f-bb2a-fa7a7b13e09e"
            }
          },
          "condition": {
            "op": "always",
            "vars": []
          }
        }
      ]
    },
    {
      "type": "field",
      "ref": "b3f43a7b-219b-4716-a4e4-2be72c5db9d4",
      "actions": [
        {
          "action": "jump",
          "details": {
            "to": {
              "type": "field",
              "value": "450896cc-d295-48d7-82b2-5f4a4a091ea1"
            }
          },
          "condition": {
            "op": "is",
            "vars": [
              {
                "type": "field",
                "value": "b3f43a7b-219b-4716-a4e4-2be72c5db9d4"
              },
              {
                "type": "choice",
                "value": "3121469d-37de-4cef-85bc-748934b3fa6a"
              }
            ]
          }
        },
        {
          "action": "jump",
          "details": {
            "to": {
              "type": "field",
              "value": "bc8d99ee-add3-419f-bb2a-fa7a7b13e09e"
            }
          },
          "condition": {
            "op": "always",
            "vars": []
          }
        }
      ]
    },
    {
      "type": "field",
      "ref": "eb3a8c2f-cdf7-4102-928d-d3028f2b6b7a",
      "actions": [
        {
          "action": "jump",
          "details": {
            "to": {
              "type": "field",
              "value": "73b6f6ea-73d6-40e4-a9f2-40ac4b4dc44b"
            }
          },
          "condition": {
            "op": "is",
            "vars": [
              {
                "type": "field",
                "value": "eb3a8c2f-cdf7-4102-928d-d3028f2b6b7a"
              },
              {
                "type": "constant",
                "value": true
              }
            ]
          }
        },
        {
          "action": "jump",
          "details": {
            "to": {
              "type": "field",
              "value": "39318eb0-6d8e-480c-90d0-afb5dc7952e8"
            }
          },
          "condition": {
            "op": "always",
            "vars": []
          }
        }
      ]
    },
    {
      "type": "field",
      "ref": "98da963a-f8fb-4af9-bef3-d1a85528330b",
      "actions": [
        {
          "action": "jump",
          "details": {
            "to": {
              "type": "field",
              "value": "fa44b847-3a5a-484f-a10e-1b3e3cb52d1e"
            }
          },
          "condition": {
            "op": "is",
            "vars": [
              {
                "type": "field",
                "value": "98da963a-f8fb-4af9-bef3-d1a85528330b"
              },
              {
                "type": "constant",
                "value": true
              }
            ]
          }
        },
        {
          "action": "jump",
          "details": {
            "to": {
              "type": "field",
              "value": "6ba10761-fe03-4d02-8d9b-8f9e5e6e594e"
            }
          },
          "condition": {
            "op": "always",
            "vars": []
          }
        }
      ]
    },
    {
      "type": "field",
      "ref": "ec308763-5149-4f01-8c62-c2954295e008",
      "actions": [
        {
          "action": "jump",
          "details": {
            "to": {
              "type": "field",
              "value": "1eb869c3-27db-4c10-9cba-2e72633dbd85"
            }
          },
          "condition": {
            "op": "is",
            "vars": [
              {
                "type": "field",
                "value": "ec308763-5149-4f01-8c62-c2954295e008"
              },
              {
                "type": "constant",
                "value": true
              }
            ]
          }
        },
        {
          "action": "jump",
          "details": {
            "to": {
              "type": "field",
              "value": "169eab72-6cea-473a-b662-2ecc09ec1dcd"
            }
          },
          "condition": {
            "op": "always",
            "vars": []
          }
        }
      ]
    },
    {
      "type": "field",
      "ref": "10509c84-f882-403d-80a0-8dad559afaf4",
      "actions": [
        {
          "action": "jump",
          "details": {
            "to": {
              "type": "field",
              "value": "f7df7057-b8ac-41ae-b5e6-18ee1ffc0981"
            }
          },
          "condition": {
            "op": "is",
            "vars": [
              {
                "type": "field",
                "value": "10509c84-f882-403d-80a0-8dad559afaf4"
              },
              {
                "type": "constant",
                "value": true
              }
            ]
          }
        },
        {
          "action": "jump",
          "details": {
            "to": {
              "type": "field",
              "value": "669966ab-dd5a-4b97-892b-7b6204f0eacc"
            }
          },
          "condition": {
            "op": "always",
            "vars": []
          }
        }
      ]
    },
    {
      "type": "field",
      "ref": "f7df7057-b8ac-41ae-b5e6-18ee1ffc0981",
      "actions": [
        {
          "action": "jump",
          "details": {
            "to": {
              "type": "field",
              "value": "ebfc0680-c3ad-401f-98ee-1a541a2ca9c2"
            }
          },
          "condition": {
            "op": "is",
            "vars": [
              {
                "type": "field",
                "value": "f7df7057-b8ac-41ae-b5e6-18ee1ffc0981"
              },
              {
                "type": "choice",
                "value": "f3350698-497d-42cd-be7d-58c0566d1274"
              }
            ]
          }
        },
        {
          "action": "jump",
          "details": {
            "to": {
              "type": "field",
              "value": "0a610e3a-9517-40f5-a02b-24a4070a9c31"
            }
          },
          "condition": {
            "op": "is",
            "vars": [
              {
                "type": "field",
                "value": "f7df7057-b8ac-41ae-b5e6-18ee1ffc0981"
              },
              {
                "type": "choice",
                "value": "b4da72e1-8343-4954-962e-157611a386a7"
              }
            ]
          }
        },
        {
          "action": "jump",
          "details": {
            "to": {
              "type": "field",
              "value": "588ea767-864e-4e34-9033-1ea991363be4"
            }
          },
          "condition": {
            "op": "is",
            "vars": [
              {
                "type": "field",
                "value": "f7df7057-b8ac-41ae-b5e6-18ee1ffc0981"
              },
              {
                "type": "choice",
                "value": "3b53c2a8-39e9-4011-97cc-5970bef27554"
              }
            ]
          }
        }
      ]
    },
    {
      "type": "field",
      "ref": "90ab0036-523c-4576-ab22-9aabdf26b31d",
      "actions": [
        {
          "action": "jump",
          "details": {
            "to": {
              "type": "field",
              "value": "0cd15df5-402c-452b-8072-be0d6823fc34"
            }
          },
          "condition": {
            "op": "is",
            "vars": [
              {
                "type": "field",
                "value": "90ab0036-523c-4576-ab22-9aabdf26b31d"
              },
              {
                "type": "choice",
                "value": "04ccb8cb-1d02-4b0c-a8f6-732f71287f0e"
              }
            ]
          }
        },
        {
          "action": "jump",
          "details": {
            "to": {
              "type": "field",
              "value": "10509c84-f882-403d-80a0-8dad559afaf4"
            }
          },
          "condition": {
            "op": "always",
            "vars": []
          }
        }
      ]
    },
    {
      "type": "field",
      "ref": "45c149e4-ddeb-4a42-899c-52ed6e570fcf",
      "actions": [
        {
          "action": "jump",
          "details": {
            "to": {
              "type": "field",
              "value": "0cd15df5-402c-452b-8072-be0d6823fc34"
            }
          },
          "condition": {
            "op": "is",
            "vars": [
              {
                "type": "field",
                "value": "45c149e4-ddeb-4a42-899c-52ed6e570fcf"
              },
              {
                "type": "choice",
                "value": "29ac3a95-866f-4042-8797-b6146d783bd6"
              }
            ]
          }
        },
        {
          "action": "jump",
          "details": {
            "to": {
              "type": "field",
              "value": "10509c84-f882-403d-80a0-8dad559afaf4"
            }
          },
          "condition": {
            "op": "always",
            "vars": []
          }
        }
      ]
    },
    {
      "type": "field",
      "ref": "71d85028-ce9a-4d9f-b7e9-5b43fae8209b",
      "actions": [
        {
          "action": "jump",
          "details": {
            "to": {
              "type": "field",
              "value": "0cd15df5-402c-452b-8072-be0d6823fc34"
            }
          },
          "condition": {
            "op": "is",
            "vars": [
              {
                "type": "field",
                "value": "71d85028-ce9a-4d9f-b7e9-5b43fae8209b"
              },
              {
                "type": "choice",
                "value": "1b4d9448-1847-42c2-9c9e-11b5c7d275b9"
              }
            ]
          }
        },
        {
          "action": "jump",
          "details": {
            "to": {
              "type": "field",
              "value": "10509c84-f882-403d-80a0-8dad559afaf4"
            }
          },
          "condition": {
            "op": "always",
            "vars": []
          }
        }
      ]
    },
    {
      "type": "field",
      "ref": "f2be332c-57c8-4851-9596-35c922516444",
      "actions": [
        {
          "action": "jump",
          "details": {
            "to": {
              "type": "field",
              "value": "e248d7ed-fc0a-4ffc-83bc-adc2bb5c1cf2"
            }
          },
          "condition": {
            "op": "is",
            "vars": [
              {
                "type": "field",
                "value": "f2be332c-57c8-4851-9596-35c922516444"
              },
              {
                "type": "constant",
                "value": true
              }
            ]
          }
        },
        {
          "action": "jump",
          "details": {
            "to": {
              "type": "field",
              "value": "669966ab-dd5a-4b97-892b-7b6204f0eacc"
            }
          },
          "condition": {
            "op": "always",
            "vars": []
          }
        }
      ]
    },
    {
      "type": "field",
      "ref": "13d1b1cf-3746-4c58-9eeb-992fb322b6db",
      "actions": [
        {
          "action": "jump",
          "details": {
            "to": {
              "type": "field",
              "value": "adb9edcb-6ae1-4326-92e8-0913930fa454"
            }
          },
          "condition": {
            "op": "always",
            "vars": []
          }
        }
      ]
    },
    {
      "type": "field",
      "ref": "a25ee14e-03a1-482e-b591-1dbb2aab61ca",
      "actions": [
        {
          "action": "jump",
          "details": {
            "to": {
              "type": "field",
              "value": "deb63b62-8a04-41e6-95ae-bfffa29b3936"
            }
          },
          "condition": {
            "op": "always",
            "vars": []
          }
        }
      ]
    },
    {
      "type": "field",
      "ref": "1eb869c3-27db-4c10-9cba-2e72633dbd85",
      "actions": [
        {
          "action": "jump",
          "details": {
            "to": {
              "type": "field",
              "value": "169eab72-6cea-473a-b662-2ecc09ec1dcd"
            }
          },
          "condition": {
            "op": "always",
            "vars": []
          }
        }
      ]
    },
    {
      "type": "field",
      "ref": "1809d5e5-ab00-4044-ad20-eeb1f14bcac5",
      "actions": [
        {
          "action": "jump",
          "details": {
            "to": {
              "type": "field",
              "value": "10509c84-f882-403d-80a0-8dad559afaf4"
            }
          },
          "condition": {
            "op": "always",
            "vars": []
          }
        }
      ]
    },
    {
      "type": "field",
      "ref": "e248d7ed-fc0a-4ffc-83bc-adc2bb5c1cf2",
      "actions": [
        {
          "action": "jump",
          "details": {
            "to": {
              "type": "field",
              "value": "669966ab-dd5a-4b97-892b-7b6204f0eacc"
            }
          },
          "condition": {
            "op": "always",
            "vars": []
          }
        }
      ]
    },
    {
      "type": "field",
      "ref": "899e2d91-75da-429e-a686-994df8035b65",
      "actions": [
        {
          "action": "jump",
          "details": {
            "to": {
              "type": "field",
              "value": "39689ae1-de94-422c-a841-c78f56e89694"
            }
          },
          "condition": {
            "op": "always",
            "vars": []
          }
        }
      ]
    },
    {
      "type": "field",
      "ref": "450896cc-d295-48d7-82b2-5f4a4a091ea1",
      "actions": [
        {
          "action": "jump",
          "details": {
            "to": {
              "type": "field",
              "value": "1223637a-0dad-4362-84f9-c5955f2ad7c5"
            }
          },
          "condition": {
            "op": "always",
            "vars": []
          }
        }
      ]
    },
    {
      "type": "field",
      "ref": "73b6f6ea-73d6-40e4-a9f2-40ac4b4dc44b",
      "actions": [
        {
          "action": "jump",
          "details": {
            "to": {
              "type": "field",
              "value": "39318eb0-6d8e-480c-90d0-afb5dc7952e8"
            }
          },
          "condition": {
            "op": "always",
            "vars": []
          }
        }
      ]
    }
  ],
  "_links": {
    "display": "https://thisstory.typeform.com/to/P07fd5VA"
  }
}