{
  "id": "i37IILLs",
  "type": "form",
  "title": "201204 Chapter 2 2P-CL",
  "workspace": {
    "href": "https://api.typeform.com/workspaces/RLzBQQ"
  },
  "theme": {
    "href": "https://api.typeform.com/themes/PjgB9j"
  },
  "settings": {
    "language": "en",
    "progress_bar": "percentage",
    "meta": {
      "allow_indexing": false
    },
    "hide_navigation": false,
    "is_public": true,
    "is_trial": false,
    "show_progress_bar": true,
    "show_typeform_branding": true,
    "are_uploads_public": false,
    "show_time_to_complete": true,
    "redirect_after_submit_url": "https://thisstory.typeform.com/to/FWGaTSzk#respondent={{hidden:respondent}}&partner={{hidden:partner}}&child={{hidden:child}}"
  },
  "thankyou_screens": [
    {
      "id": "eAU2MLLZmRuv",
      "ref": "09f789ca-1b0e-444e-84fc-822014b06781",
      "title": "Great, let's move onto the next chapter",
      "properties": {
        "show_button": false,
        "share_icons": false,
        "button_mode": "reload",
        "button_text": "again"
      }
    },
    {
      "id": "DefaultTyScreen",
      "ref": "default_tys",
      "title": "Done! Your information was sent perfectly.",
      "properties": {
        "show_button": false,
        "share_icons": false
      }
    }
  ],
  "welcome_screens": [
    {
      "id": "5DRMVSq59YMR",
      "ref": "52fae959-d053-4cf5-a945-fc31d3200280",
      "title": "Chapter two\n\n{{hidden:respondent}}'s background",
      "properties": {
        "show_button": true,
        "button_text": "Start"
      }
    }
  ],
  "fields": [
    {
      "id": "x4bmNsiQhsHI",
      "title": "{{hidden:respondent}}, please remind us what {{hidden:child}} calls you at home",
      "ref": "bb45bdeb-f952-4c7c-a682-e69103ca994c",
      "properties": {},
      "validations": {
        "required": true
      },
      "type": "short_text"
    },
    {
      "id": "xZ5zyX9m3lhw",
      "title": "{{hidden:respondent}} as a young adult",
      "ref": "ff5fafe9-0cca-40c4-9539-461e9cf19a9e",
      "properties": {
        "button_text": "Continue",
        "show_button": true,
        "fields": [
          {
            "id": "QGi1Iiqyiua3",
            "title": "What did you like to do, before you and {{hidden:partner}} started your family?",
            "ref": "3aa329c2-cf60-4512-a11c-83c299731c31",
            "properties": {
              "randomize": false,
              "allow_multiple_selection": false,
              "allow_other_choice": false,
              "vertical_alignment": true,
              "choices": [
                {
                  "id": "agzBKY7nlkaW",
                  "ref": "5c642aa9-835a-43bb-800e-0ecbadf51db2",
                  "label": "Hobby (music, collecting, etc)"
                },
                {
                  "id": "9OqH4zao9gIs",
                  "ref": "88ba2b18-c321-46e2-9830-a670c5463d79",
                  "label": "Activity (eating out in restaurants, listening to music, spending time with friends)"
                },
                {
                  "id": "aDQDaDdc7w9a",
                  "ref": "3215d129-4774-4ac7-951a-e9f39b5accf9",
                  "label": "Travel"
                },
                {
                  "id": "LJFWLGboLxXd",
                  "ref": "3d1d263f-071a-4ba0-a4f7-096aaeebf7fc",
                  "label": "Gap year/living abroad"
                },
                {
                  "id": "QnoCzZVOlvPf",
                  "ref": "2d4f7c78-adca-44b6-ad46-7355603d8551",
                  "label": "Education/training"
                },
                {
                  "id": "Xfe26eDL7BpO",
                  "ref": "dbefd503-a0a5-4040-8bd9-cf4127086742",
                  "label": "Helping (for example formal or informal charity or voluntary work)"
                },
                {
                  "id": "2OsyNr7MWSZp",
                  "ref": "1b3176d5-30bf-4bf0-ac20-3534372c0c48",
                  "label": "Being a carer (looking after people or animals)"
                },
                {
                  "id": "i6WsWPjZ3jgJ",
                  "ref": "203102ed-eaa5-45e3-a54e-87a830c61523",
                  "label": "Sport"
                },
                {
                  "id": "bTrrM4BLs6HP",
                  "ref": "a3abd3f5-35e0-482a-816c-aff851cf617c",
                  "label": "Achievement"
                },
                {
                  "id": "hvlVAMpHzBPK",
                  "ref": "9a0119e2-ffd8-4ccd-9536-64d0bec7c6ea",
                  "label": "Other"
                }
              ]
            },
            "validations": {
              "required": true
            },
            "type": "multiple_choice"
          },
          {
            "id": "FsROAMkMYwET",
            "title": "What hobby did you pursue as a young adult? ",
            "ref": "96ce3e8f-cc0f-4cc6-8d65-a057a0810cd8",
            "properties": {
              "description": "Please complete the sentence\n_*'When*_ _*{{field:bb45bdeb-f952-4c7c-a682-e69103ca994c}}*__* was younger,*_ _*{{field:bb45bdeb-f952-4c7c-a682-e69103ca994c}}*__* really enjoyed ... .'*_ \n\nFor example: 'collecting art' or 'to go climbing'"
            },
            "validations": {
              "required": true
            },
            "type": "short_text"
          },
          {
            "id": "kyxEe0Lzjob4",
            "title": "The text in the book is going to read\n_*'When*_ _*{{field:bb45bdeb-f952-4c7c-a682-e69103ca994c}}*__* was younger,*_ _*{{field:bb45bdeb-f952-4c7c-a682-e69103ca994c}}*__* really enjoyed*_ _*{{field:96ce3e8f-cc0f-4cc6-8d65-a057a0810cd8}}*__*.'*_",
            "ref": "a8c4154b-7c9f-40b3-847c-08e7020ba9d1",
            "properties": {
              "randomize": false,
              "allow_multiple_selection": false,
              "allow_other_choice": false,
              "vertical_alignment": true,
              "choices": [
                {
                  "id": "QZWY7IJW4T65",
                  "ref": "cb7d26bc-183a-4f80-99cb-b58a4960aae0",
                  "label": "That’s right"
                },
                {
                  "id": "4sfc9AZ2wnmA",
                  "ref": "c4878fbd-c9f5-4d1c-9e1a-d04c7e9949a7",
                  "label": "I’d like to correct something"
                }
              ]
            },
            "validations": {
              "required": true
            },
            "type": "multiple_choice"
          },
          {
            "id": "DFAA5GCGXwBJ",
            "title": "What kind of activity did you like to do? ",
            "ref": "15f45c73-6533-486f-9b9d-6fec59c9101a",
            "properties": {
              "description": "Please complete the sentence\n_*'When*_ _*{{field:bb45bdeb-f952-4c7c-a682-e69103ca994c}}*__* was younger,*_ _*{{field:bb45bdeb-f952-4c7c-a682-e69103ca994c}}*__* liked ... '*_ \n\nFor example: 'go to concerts' or 'hiking with friends'"
            },
            "validations": {
              "required": true
            },
            "type": "short_text"
          },
          {
            "id": "PqoDWAqT1GId",
            "title": "The text in the book is going to read \n_*'When*_ _*{{field:bb45bdeb-f952-4c7c-a682-e69103ca994c}}*__* was younger,*_ _*{{field:bb45bdeb-f952-4c7c-a682-e69103ca994c}}*__* liked*_ _*{{field:15f45c73-6533-486f-9b9d-6fec59c9101a}}*__*.'*_",
            "ref": "48d4a9ed-0266-4278-8239-a66d0d350a38",
            "properties": {
              "randomize": false,
              "allow_multiple_selection": false,
              "allow_other_choice": false,
              "vertical_alignment": true,
              "choices": [
                {
                  "id": "nssMF0dkzWJj",
                  "ref": "555c13b3-fcc0-4b56-a9b2-e3650ab173d7",
                  "label": "That’s right"
                },
                {
                  "id": "EMUhHfgkCALZ",
                  "ref": "3ddae0d9-55bc-439c-b56a-f99a5a920cf3",
                  "label": "I’d like to correct something"
                }
              ]
            },
            "validations": {
              "required": true
            },
            "type": "multiple_choice"
          },
          {
            "id": "3LLQy890GrIO",
            "title": "Where did you travel to on your most memorable journey?",
            "ref": "4beb1a96-bfcb-4e35-bff4-cb6bcbd25939",
            "properties": {
              "description": "Please complete the sentence\n_*'When*_ _*{{field:bb45bdeb-f952-4c7c-a682-e69103ca994c}}*__* was younger,*_ _*{{field:bb45bdeb-f952-4c7c-a682-e69103ca994c}}*__* liked travelling, and had a very special time visiting ... .'*_ \n\nFor example: 'Spain', or 'the Pyramids of Giza', or 'South Asia'\n"
            },
            "validations": {
              "required": true
            },
            "type": "short_text"
          },
          {
            "id": "5uq5RkSyHUTH",
            "title": "The text in the book is going to read\n_*'When*_ _*{{field:bb45bdeb-f952-4c7c-a682-e69103ca994c}}*__* was younger,*_ _*{{field:bb45bdeb-f952-4c7c-a682-e69103ca994c}}*__* liked travelling, and had a very special time visiting*_ _*{{field:4beb1a96-bfcb-4e35-bff4-cb6bcbd25939}}*__*.'*_",
            "ref": "faf576ba-fb56-4ce8-8509-80bb01b36b15",
            "properties": {
              "randomize": false,
              "allow_multiple_selection": false,
              "allow_other_choice": false,
              "vertical_alignment": true,
              "choices": [
                {
                  "id": "QzlLwsqGU4GL",
                  "ref": "9597deca-50e8-4fb9-8089-419a27ec12e7",
                  "label": "That’s right"
                },
                {
                  "id": "tEGrkXt8DAB4",
                  "ref": "d04dc0d6-2035-4005-a64c-05f61189b2bb",
                  "label": "I’d like to correct something"
                }
              ]
            },
            "validations": {
              "required": true
            },
            "type": "multiple_choice"
          },
          {
            "id": "i3F4x34CXDmD",
            "title": "Where did you live?",
            "ref": "6a2ed2ca-acca-4f30-99ae-4ef3787491f0",
            "properties": {
              "description": "Please complete the sentence\n_*'When*_ _*{{field:bb45bdeb-f952-4c7c-a682-e69103ca994c}}*__* was younger,*_ _*{{field:bb45bdeb-f952-4c7c-a682-e69103ca994c}}*__* lived in ... .'*_"
            },
            "validations": {
              "required": true
            },
            "type": "short_text"
          },
          {
            "id": "uuHI4P3ziXIB",
            "title": "The text in the book is going to read\n_*'When*_ _*{{field:bb45bdeb-f952-4c7c-a682-e69103ca994c}}*__* was younger,*_ _*{{field:bb45bdeb-f952-4c7c-a682-e69103ca994c}}*__* lived in*_ _*{{field:6a2ed2ca-acca-4f30-99ae-4ef3787491f0}}*__*.'*_",
            "ref": "5f7b8cd5-3c59-42f6-9efb-ebb726a1f6cc",
            "properties": {
              "randomize": false,
              "allow_multiple_selection": false,
              "allow_other_choice": false,
              "vertical_alignment": true,
              "choices": [
                {
                  "id": "VPb1I5xItvlk",
                  "ref": "1a0904ca-e7ee-40b5-9d4e-16f735424dec",
                  "label": "That’s right"
                },
                {
                  "id": "fx4hSvLbFDBm",
                  "ref": "b1d13cb3-24bf-4563-b436-eac5ac2a11bc",
                  "label": "I’d like to correct something"
                }
              ]
            },
            "validations": {
              "required": true
            },
            "type": "multiple_choice"
          },
          {
            "id": "xjGA5Vyh5fF0",
            "title": "What did you study or train as?",
            "ref": "918b19ce-9576-44f3-8393-e672bd4c00ad",
            "properties": {
              "description": "_*'When*_ _*{{field:bb45bdeb-f952-4c7c-a682-e69103ca994c}}*__* was younger,*_ _*{{field:bb45bdeb-f952-4c7c-a682-e69103ca994c}}*__* ... .'*_ \n\nFor example: 'Mummy studied history' or 'Daddy trained as a nurse'"
            },
            "validations": {
              "required": true
            },
            "type": "short_text"
          },
          {
            "id": "5WbuQXvcgIhD",
            "title": "The text in the book is going to read\n_*'When*_ _*{{field:bb45bdeb-f952-4c7c-a682-e69103ca994c}}*__* was younger,*_ _*{{field:bb45bdeb-f952-4c7c-a682-e69103ca994c}}*_  _*{{field:918b19ce-9576-44f3-8393-e672bd4c00ad}}*__*.'*_",
            "ref": "6097128b-1635-4755-9479-5f25b68299ce",
            "properties": {
              "randomize": false,
              "allow_multiple_selection": false,
              "allow_other_choice": false,
              "vertical_alignment": true,
              "choices": [
                {
                  "id": "wNfRA9nFVsxA",
                  "ref": "c7c9df08-b357-4be9-ba31-785b493b224e",
                  "label": "That’s right"
                },
                {
                  "id": "WQ7rwOBefCxW",
                  "ref": "51e92c27-b4b6-4489-9f71-2cc0f47b48b5",
                  "label": "I’d like to correct something"
                }
              ]
            },
            "validations": {
              "required": true
            },
            "type": "multiple_choice"
          },
          {
            "id": "BeIv4zeslrhz",
            "title": "Who did you help?",
            "ref": "fa09be32-23bd-41e0-b19d-d95717f5217d",
            "properties": {
              "description": "Please complete the sentence\n_*'When*_ _*{{field:bb45bdeb-f952-4c7c-a682-e69103ca994c}}*__* was younger,*_ _*{{field:bb45bdeb-f952-4c7c-a682-e69103ca994c}}*__* liked helping ... .'*_ \n\nFor example: 'students who had just started university' or 'Scouts to have a fun time'"
            },
            "validations": {
              "required": true
            },
            "type": "short_text"
          },
          {
            "id": "HZYL1WZ3lBGx",
            "title": "The text in the book is going to read\n_*'When*_ _*{{field:bb45bdeb-f952-4c7c-a682-e69103ca994c}}*__* was younger,*_ _*{{field:bb45bdeb-f952-4c7c-a682-e69103ca994c}}*__* liked helping*_ _*{{field:fa09be32-23bd-41e0-b19d-d95717f5217d}}*__*.'*_",
            "ref": "17597929-265e-40e7-8a83-24d81c436206",
            "properties": {
              "randomize": false,
              "allow_multiple_selection": false,
              "allow_other_choice": false,
              "vertical_alignment": true,
              "choices": [
                {
                  "id": "7Lom45OvXnNX",
                  "ref": "21ee2f33-600a-452f-8bc9-8d3503c0f39a",
                  "label": "That’s right"
                },
                {
                  "id": "o6TGq2z9uk9k",
                  "ref": "5528f370-7034-455c-86f3-216cb92b2b93",
                  "label": "I’d like to correct something"
                }
              ]
            },
            "validations": {
              "required": true
            },
            "type": "multiple_choice"
          },
          {
            "id": "kWjmFirghwga",
            "title": "Who did you care for?",
            "ref": "8dd4d56a-56bf-4e87-8f08-fe4d1a143274",
            "properties": {
              "description": "_*'When*_ _*{{field:bb45bdeb-f952-4c7c-a682-e69103ca994c}}*__* was younger,*_ _*{{field:bb45bdeb-f952-4c7c-a682-e69103ca994c}}*__* cared for ... .'*_\n\nFor example: 'her father who was ill' or 'cats who needed a new home'"
            },
            "validations": {
              "required": true
            },
            "type": "short_text"
          },
          {
            "id": "3Qtak3JRC3Hs",
            "title": "The text in the book is going to read\n_*'When*_ _*{{field:bb45bdeb-f952-4c7c-a682-e69103ca994c}}*__* was younger,*_ _*{{field:bb45bdeb-f952-4c7c-a682-e69103ca994c}}*__* cared for*_ _*{{field:8dd4d56a-56bf-4e87-8f08-fe4d1a143274}}*__*.'*_",
            "ref": "148d7374-73c1-48c1-a56b-efcba3fab85a",
            "properties": {
              "randomize": false,
              "allow_multiple_selection": false,
              "allow_other_choice": false,
              "vertical_alignment": true,
              "choices": [
                {
                  "id": "VmL7xAmLAeKZ",
                  "ref": "efb0d07d-3508-4967-8e4b-69eaff45e7ce",
                  "label": "That’s right"
                },
                {
                  "id": "tMNYwy0K3v7w",
                  "ref": "0354d911-db8e-49b0-85ed-51a88eaa7a39",
                  "label": "I’d like to correct something"
                }
              ]
            },
            "validations": {
              "required": true
            },
            "type": "multiple_choice"
          },
          {
            "id": "G44mdN5XT2zL",
            "title": "What kind of sport did you do? ",
            "ref": "2fd79fa3-b65d-4a86-ac70-e2156ae70d5f",
            "properties": {
              "description": "Please complete the sentence\n_*'When*_ _*{{field:bb45bdeb-f952-4c7c-a682-e69103ca994c}}*__* was younger,*_ _*{{field:bb45bdeb-f952-4c7c-a682-e69103ca994c}}*__* really liked sports, especially ... .'*_ \n\nFor example: 'basketball' or 'to cycle long distances'"
            },
            "validations": {
              "required": true
            },
            "type": "short_text"
          },
          {
            "id": "wnC5Pz6mkhL2",
            "title": "The text in the book is going to read\n_*'When*_ _*{{field:bb45bdeb-f952-4c7c-a682-e69103ca994c}}*__* was younger,*_ _*{{field:bb45bdeb-f952-4c7c-a682-e69103ca994c}}*__* really liked sports, especially*_ _*{{field:2fd79fa3-b65d-4a86-ac70-e2156ae70d5f}}*__*.'*_",
            "ref": "49baa96a-045b-46ab-91aa-52c667e1705c",
            "properties": {
              "randomize": false,
              "allow_multiple_selection": false,
              "allow_other_choice": false,
              "vertical_alignment": true,
              "choices": [
                {
                  "id": "1HXywR86eEeb",
                  "ref": "eae2822e-c59c-43f7-ac84-edfd579643e8",
                  "label": "That’s right"
                },
                {
                  "id": "ilyOkmwOuLPN",
                  "ref": "c2697ee8-ae7c-4e73-87af-56aa56ca8b9d",
                  "label": "I’d like to correct something"
                }
              ]
            },
            "validations": {
              "required": true
            },
            "type": "multiple_choice"
          },
          {
            "id": "ZfrN1spgj3Yv",
            "title": "Congratulations. What was your achievement?",
            "ref": "238388f1-4995-47b1-a3c6-b1854656e4ac",
            "properties": {
              "description": "Please complete the sentence\n_*'When*_ _*{{field:bb45bdeb-f952-4c7c-a682-e69103ca994c}}*__* was younger,*_ _*{{field:bb45bdeb-f952-4c7c-a682-e69103ca994c}}*__* was very proud to ... .'*_ \n\nFor example: 'get a black belt in judo' or 'win a poetry competition'"
            },
            "validations": {
              "required": true
            },
            "type": "short_text"
          },
          {
            "id": "R5gcsCyNAhZL",
            "title": "The text in the book is going to read\n_*'When*_ _*{{field:bb45bdeb-f952-4c7c-a682-e69103ca994c}}*__* was younger,*_ _*{{field:bb45bdeb-f952-4c7c-a682-e69103ca994c}}*__* was very proud to*_ _*{{field:238388f1-4995-47b1-a3c6-b1854656e4ac}}*__*.'*_",
            "ref": "630d9ef4-331b-4eb3-bb51-10fcfb49e072",
            "properties": {
              "randomize": false,
              "allow_multiple_selection": false,
              "allow_other_choice": false,
              "vertical_alignment": true,
              "choices": [
                {
                  "id": "C7gpfFmxGNgM",
                  "ref": "4e399f84-0dc5-4a3a-aef3-71bcd6c5d800",
                  "label": "That’s right"
                },
                {
                  "id": "YcGmQTahk6Yl",
                  "ref": "efbdf40d-c983-4b37-b52c-a46ed130ecf5",
                  "label": "I’d like to correct something"
                }
              ]
            },
            "validations": {
              "required": true
            },
            "type": "multiple_choice"
          },
          {
            "id": "wIw15fRarCVq",
            "title": "Please let us know here and remember, that it's best to keep it simple",
            "ref": "94c0de70-cfd0-47c6-a5e2-af08ac7f23b1",
            "properties": {
              "description": "Please complete the sentence\n_*'When*_ _*{{field:bb45bdeb-f952-4c7c-a682-e69103ca994c}}*__* was younger,*_ _*{{field:bb45bdeb-f952-4c7c-a682-e69103ca994c}}*__* liked ... .'*_"
            },
            "validations": {
              "required": true
            },
            "type": "short_text"
          },
          {
            "id": "159sM0glTbJ8",
            "title": "The text in the book is going to read \n_*'When*_ _*{{field:bb45bdeb-f952-4c7c-a682-e69103ca994c}}*__* was younger,*_ _*{{field:bb45bdeb-f952-4c7c-a682-e69103ca994c}}*__* liked*_ _*{{field:94c0de70-cfd0-47c6-a5e2-af08ac7f23b1}}*__*.'*_",
            "ref": "40609f43-2849-4e31-bc64-f17f53713320",
            "properties": {
              "randomize": false,
              "allow_multiple_selection": false,
              "allow_other_choice": false,
              "vertical_alignment": true,
              "choices": [
                {
                  "id": "E9wV62zyV0Fw",
                  "ref": "2cc0b717-fb48-4f51-af14-61a5fbc6e1e8",
                  "label": "That’s right"
                },
                {
                  "id": "gt0LROd8J0bO",
                  "ref": "db2e1fea-693b-4505-b5dd-c02b0bc98e41",
                  "label": "I’d like to correct something"
                }
              ]
            },
            "validations": {
              "required": true
            },
            "type": "multiple_choice"
          },
          {
            "id": "lp7aO3lSyOTx",
            "title": "Please upload a photo of yourself when you were a young adult ",
            "ref": "d9fb12b8-69b1-440c-a9ca-079a7db2b61b",
            "properties": {
              "description": "It doesn't have to show the activity"
            },
            "validations": {
              "required": true
            },
            "type": "file_upload"
          },
          {
            "id": "7Ugbp02L9YWl",
            "title": "What else did you like to do? ",
            "ref": "4b2139df-e0c5-438e-abf0-eefc7865c398",
            "properties": {
              "randomize": false,
              "allow_multiple_selection": false,
              "allow_other_choice": false,
              "vertical_alignment": true,
              "choices": [
                {
                  "id": "J3Mj8IpHxqg7",
                  "ref": "d5074fa2-351e-4458-b77c-c917b352fc58",
                  "label": "Hobby (music, collecting, etc)"
                },
                {
                  "id": "IVpohQxUPMLi",
                  "ref": "496cb323-f333-49d8-9f09-be7c62f3dcd6",
                  "label": "Activity (eating out in restaurants, listening to music, spending time with friends)"
                },
                {
                  "id": "Wrm1K2FNBNC3",
                  "ref": "6c2759e3-036f-436f-aa1f-68db58e06abb",
                  "label": "Travel"
                },
                {
                  "id": "IOoLHvTDVgSs",
                  "ref": "388457b3-c5b1-45a7-856b-69741a9873f6",
                  "label": "Gap year/living abroad"
                },
                {
                  "id": "52VpPkxq0Yc8",
                  "ref": "6227d16e-d7e2-4793-b361-93f153b852b3",
                  "label": "Education/training"
                },
                {
                  "id": "5zrWjXwHUpGT",
                  "ref": "60ace9f5-e4f2-4627-bcf0-b64412dec3c1",
                  "label": "Helping (for example formal or informal charity or voluntary work)"
                },
                {
                  "id": "I5uJ0n5QT0V0",
                  "ref": "11beb14a-c592-42f0-91e8-e0597d4c9763",
                  "label": "Being a carer (looking after people or animals)"
                },
                {
                  "id": "ROflmJUHfXeK",
                  "ref": "cd486465-1afd-40a8-8fed-03fcbad8e545",
                  "label": "Sport"
                },
                {
                  "id": "bDYPmSfXsrbn",
                  "ref": "e960fd5d-e2db-490b-b3ca-0477e6679cba",
                  "label": "Achievement"
                },
                {
                  "id": "F8rq8taXbZzd",
                  "ref": "9db4aff7-4f69-45fe-9ca1-c4a7bc9dc279",
                  "label": "Other"
                }
              ]
            },
            "validations": {
              "required": true
            },
            "type": "multiple_choice"
          },
          {
            "id": "V9CPXXyS6KRB",
            "title": "What hobby did you pursue as a young adult? ",
            "ref": "29d59a93-44f3-4966-aab5-8ea9d57addfd",
            "properties": {
              "description": "Please complete the sentence\n_*'*__*{{field:bb45bdeb-f952-4c7c-a682-e69103ca994c}}*__* also really enjoyed ... .'*_ \n\nFor example: 'collecting art' or 'to go climbing'"
            },
            "validations": {
              "required": true
            },
            "type": "short_text"
          },
          {
            "id": "h097gtKef7AZ",
            "title": "The text in the book is going to read\n_*'*__*{{field:bb45bdeb-f952-4c7c-a682-e69103ca994c}}*__* also really enjoyed*_ _*{{field:29d59a93-44f3-4966-aab5-8ea9d57addfd}}*__*.'*_",
            "ref": "1d587afe-4fa2-4ed6-a46d-bba115bc041c",
            "properties": {
              "randomize": false,
              "allow_multiple_selection": false,
              "allow_other_choice": false,
              "vertical_alignment": true,
              "choices": [
                {
                  "id": "NKNRvYkH6sOp",
                  "ref": "7ace6005-bed1-47dc-8a30-6e41cf3f76ac",
                  "label": "That’s right"
                },
                {
                  "id": "ws2I1RLASHla",
                  "ref": "1c9af4a0-74c2-4b58-a0ae-f906ed9c9b70",
                  "label": "I’d like to correct something"
                }
              ]
            },
            "validations": {
              "required": true
            },
            "type": "multiple_choice"
          },
          {
            "id": "sVFSk6deJAmS",
            "title": "What kind of activity did you like to do? ",
            "ref": "8f75c702-e162-4194-afdb-a83b097c0b59",
            "properties": {
              "description": "Please complete the sentence\n_*'*__*{{field:bb45bdeb-f952-4c7c-a682-e69103ca994c}}*__* also liked ... '*_ \n\nFor example: 'go to concerts' or 'hiking with friends'"
            },
            "validations": {
              "required": true
            },
            "type": "short_text"
          },
          {
            "id": "UG70fmxXoxU3",
            "title": "The text in the book is going to read\n_*'*__*{{field:bb45bdeb-f952-4c7c-a682-e69103ca994c}}*__* also liked to*_ _*{{field:8f75c702-e162-4194-afdb-a83b097c0b59}}*__*.'*_",
            "ref": "c336fbba-f73b-4500-85e9-67da6d475f12",
            "properties": {
              "randomize": false,
              "allow_multiple_selection": false,
              "allow_other_choice": false,
              "vertical_alignment": true,
              "choices": [
                {
                  "id": "lpdfuDAyWgpY",
                  "ref": "0131ada8-9058-4e82-8102-86cbad5ef649",
                  "label": "That’s right"
                },
                {
                  "id": "oYiRgQz9tpD2",
                  "ref": "c159234a-b1d6-4069-8abd-5c6b496806cd",
                  "label": "I’d like to correct something"
                }
              ]
            },
            "validations": {
              "required": true
            },
            "type": "multiple_choice"
          },
          {
            "id": "oR6RHvg0LSZC",
            "title": "Where did you travel to on your most memorable journey?",
            "ref": "76e3d209-bc6b-4f9b-b97b-1d7605aa79a4",
            "properties": {
              "description": "Please complete the sentence\n_*'*__*{{field:bb45bdeb-f952-4c7c-a682-e69103ca994c}}*__* also liked travelling and had a very special time visiting ... .'*_ \n\nFor example: 'Spain', or 'the Pyramids of Giza', or 'South Asia'"
            },
            "validations": {
              "required": true
            },
            "type": "short_text"
          },
          {
            "id": "Qg5SgEY6J5z2",
            "title": "The text in the book is going to read\n_*'*__*{{field:bb45bdeb-f952-4c7c-a682-e69103ca994c}}*__* also liked travelling, and had a very special time visiting*_ _*{{field:76e3d209-bc6b-4f9b-b97b-1d7605aa79a4}}*__*.'*_",
            "ref": "27ccc165-c4de-41af-b1cb-92301995b491",
            "properties": {
              "randomize": false,
              "allow_multiple_selection": false,
              "allow_other_choice": false,
              "vertical_alignment": true,
              "choices": [
                {
                  "id": "I5vGymV58js0",
                  "ref": "e3f0751a-7df1-4d1a-bba1-7b61c7d535ff",
                  "label": "That's right"
                },
                {
                  "id": "huyerExj0SZG",
                  "ref": "079e18a0-bf1b-480f-8475-ccb02437854c",
                  "label": "I'd like to correct something"
                }
              ]
            },
            "validations": {
              "required": true
            },
            "type": "multiple_choice"
          },
          {
            "id": "I3IbFBAbVhdN",
            "title": "Where did you live? ",
            "ref": "faf160b8-fe3e-4d34-8942-b955372fc347",
            "properties": {
              "description": "Please complete the sentence\n*'*_*{{field:bb45bdeb-f952-4c7c-a682-e69103ca994c}}*__* also lived in ... .'*_"
            },
            "validations": {
              "required": true
            },
            "type": "short_text"
          },
          {
            "id": "rKIxEhXvGHVd",
            "title": "The text in the book is going to read \n_*'*__*{{field:bb45bdeb-f952-4c7c-a682-e69103ca994c}}*__* also lived in*_ _*{{field:faf160b8-fe3e-4d34-8942-b955372fc347}}*__*.'*_",
            "ref": "2f3d30b0-2d61-4a7b-96e9-180d1b49dd09",
            "properties": {
              "randomize": false,
              "allow_multiple_selection": false,
              "allow_other_choice": false,
              "vertical_alignment": true,
              "choices": [
                {
                  "id": "B6u3AeWETF5N",
                  "ref": "390e673b-3c4e-4b8a-94ac-a1f9470c4484",
                  "label": "That’s right"
                },
                {
                  "id": "CpTqDwAN0z1n",
                  "ref": "ac8ce27f-fc84-489a-8ce4-86f9d8eb1564",
                  "label": "I’d like to correct something"
                }
              ]
            },
            "validations": {
              "required": true
            },
            "type": "multiple_choice"
          },
          {
            "id": "U0PE7VVauz9T",
            "title": "What did you study or train as?",
            "ref": "e63255b1-ed3f-40be-98a1-2f096c569c1c",
            "properties": {
              "description": "Please complete the sentence\n_*'*__*{{field:bb45bdeb-f952-4c7c-a682-e69103ca994c}}*__* also ... .'*_ \n\nFor example: 'also studied history' or 'also trained as a nurse'"
            },
            "validations": {
              "required": true
            },
            "type": "short_text"
          },
          {
            "id": "IbXmIVMixXtt",
            "title": "The text in the book is going to read\n_*'*__*{{field:bb45bdeb-f952-4c7c-a682-e69103ca994c}}*__* also*_ _*{{field:e63255b1-ed3f-40be-98a1-2f096c569c1c}}*__*.'*_",
            "ref": "67e29e20-b383-48b3-b7c0-e48f4758bcbc",
            "properties": {
              "randomize": false,
              "allow_multiple_selection": false,
              "allow_other_choice": false,
              "vertical_alignment": true,
              "choices": [
                {
                  "id": "pMH8SPJ2btsb",
                  "ref": "9ad48fab-366d-4ca5-8643-5bdd2d8ca315",
                  "label": "That’s right"
                },
                {
                  "id": "NTlpXqIYXhV2",
                  "ref": "8cfe2da9-c9a4-4ca7-b89e-d79c8ef7b178",
                  "label": "I’d like to correct something"
                }
              ]
            },
            "validations": {
              "required": true
            },
            "type": "multiple_choice"
          },
          {
            "id": "0Rb0wNgJ7Aoo",
            "title": "Who did you help? ",
            "ref": "44d40527-2345-4c7c-8d59-3eb7a4a4599c",
            "properties": {
              "description": "Please complete the sentence\n_*'*__*{{field:bb45bdeb-f952-4c7c-a682-e69103ca994c}}*__* also liked helping ... .'*_ \n\nFor example: 'students who had just started university' or 'Scouts to have a fun time'"
            },
            "validations": {
              "required": true
            },
            "type": "short_text"
          },
          {
            "id": "YPOySLNg8QV7",
            "title": "The text in the book is going to read\n_*'*__*{{field:bb45bdeb-f952-4c7c-a682-e69103ca994c}}*__* also liked helping*_ _*{{field:44d40527-2345-4c7c-8d59-3eb7a4a4599c}}*__*.'*_",
            "ref": "a442e0bb-5a44-43fd-a5cd-7d72f1e0c3ea",
            "properties": {
              "randomize": false,
              "allow_multiple_selection": false,
              "allow_other_choice": false,
              "vertical_alignment": true,
              "choices": [
                {
                  "id": "K84n61cwb428",
                  "ref": "95429b03-96d0-41c1-ad80-1f0fdbb4e5cd",
                  "label": "That’s right"
                },
                {
                  "id": "AFfPiaWaRzZ8",
                  "ref": "6f0bae76-f4e4-474b-8ee6-dc9846fdf714",
                  "label": "I’d like to correct something"
                }
              ]
            },
            "validations": {
              "required": true
            },
            "type": "multiple_choice"
          },
          {
            "id": "stmXD6OhbOuM",
            "title": "Who did you care for?",
            "ref": "13b7f8e9-21a5-4349-881a-044f0990efc7",
            "properties": {
              "description": "Please complete the sentence\n_*'*__*{{field:bb45bdeb-f952-4c7c-a682-e69103ca994c}}*__* also cared for ... .'*_ \n\nFor example: 'her father who was ill' or 'cats who needed a new home'"
            },
            "validations": {
              "required": true
            },
            "type": "short_text"
          },
          {
            "id": "6HRfjy47PwwX",
            "title": "The text in the book is going to read \n_*'*__*{{field:bb45bdeb-f952-4c7c-a682-e69103ca994c}}*__* also cared for*_ _*{{field:13b7f8e9-21a5-4349-881a-044f0990efc7}}*__*.'*_",
            "ref": "f0b8d8cc-3c49-4314-b594-58571667c7ec",
            "properties": {
              "randomize": false,
              "allow_multiple_selection": false,
              "allow_other_choice": false,
              "vertical_alignment": true,
              "choices": [
                {
                  "id": "ipQVzKSKzcfu",
                  "ref": "ec763acf-7c47-4d37-b84e-0bd168919163",
                  "label": "That’s right"
                },
                {
                  "id": "JLVzI8oYHtzi",
                  "ref": "a91c9abc-f0c3-4da2-afa4-2dfa55e67c5d",
                  "label": "I’d like to correct something"
                }
              ]
            },
            "validations": {
              "required": true
            },
            "type": "multiple_choice"
          },
          {
            "id": "nATl5dIfhm26",
            "title": "What kind of sport did you do? ",
            "ref": "5a08a36d-0199-4916-90b5-41520e4085aa",
            "properties": {
              "description": "Please complete the sentence\n_*'*__*{{field:bb45bdeb-f952-4c7c-a682-e69103ca994c}}*__* also really liked doing sports, especially ... .'*_ \n\nFor example: 'basketball' or 'to cycle long distances'"
            },
            "validations": {
              "required": true
            },
            "type": "short_text"
          },
          {
            "id": "cYQZWdPfZvUR",
            "title": "The text in the book is going to read\n_*'*__*{{field:bb45bdeb-f952-4c7c-a682-e69103ca994c}}*__* also really liked doing sports, especially*_ _*{{field:5a08a36d-0199-4916-90b5-41520e4085aa}}*__*.'*_",
            "ref": "240091e8-99f5-48dc-ad11-68065669dd47",
            "properties": {
              "randomize": false,
              "allow_multiple_selection": false,
              "allow_other_choice": false,
              "vertical_alignment": true,
              "choices": [
                {
                  "id": "jIdQ65ADUUpt",
                  "ref": "c89b02b4-b792-4777-bfdd-15b0b4e4affe",
                  "label": "That’s right"
                },
                {
                  "id": "eLwvUUQ0ewru",
                  "ref": "602fa75a-aa92-40bd-a4d2-ca1fc14bc812",
                  "label": "I’d like to correct something"
                }
              ]
            },
            "validations": {
              "required": true
            },
            "type": "multiple_choice"
          },
          {
            "id": "tCzmnHftfH5o",
            "title": "Congratulations. What did you achieve? ",
            "ref": "e4c49275-17fe-469e-875d-048540a69e64",
            "properties": {
              "description": "Please complete the sentence\n_*'*__*{{field:bb45bdeb-f952-4c7c-a682-e69103ca994c}}*__* was also very proud to ... .'*_ \n\nFor example: 'get a black belt in judo' or 'win a poetry competition'"
            },
            "validations": {
              "required": true
            },
            "type": "short_text"
          },
          {
            "id": "pBf6EnusfGYw",
            "title": "The text in the book is going to read\n_*'*__*{{field:bb45bdeb-f952-4c7c-a682-e69103ca994c}}*__* was also very proud to*_ _*{{field:e4c49275-17fe-469e-875d-048540a69e64}}*__*.'*_",
            "ref": "63797790-2f9e-4b3b-9915-464fecaf9fec",
            "properties": {
              "randomize": false,
              "allow_multiple_selection": false,
              "allow_other_choice": false,
              "vertical_alignment": true,
              "choices": [
                {
                  "id": "P21677yAW7l7",
                  "ref": "9f5730b1-8bf0-4c62-ad59-bdec9a7d5cdc",
                  "label": "That’s right"
                },
                {
                  "id": "0xTt35ZexHYZ",
                  "ref": "68ec60ce-5fad-49f0-bcca-291c0390b6ee",
                  "label": "I’d like to correct something"
                }
              ]
            },
            "validations": {
              "required": true
            },
            "type": "multiple_choice"
          },
          {
            "id": "qfhy67o97sGp",
            "title": "Please let us know here and remember, that it's best to keep it simple",
            "ref": "4ae019f5-b3b1-4b9b-a122-9efe129d159e",
            "properties": {
              "description": "Please complete the sentence \n_*'*__*{{field:bb45bdeb-f952-4c7c-a682-e69103ca994c}}*__* also liked to ... '*_ \n\nFor example: 'watch cricket' or 'go on holiday'"
            },
            "validations": {
              "required": true
            },
            "type": "short_text"
          },
          {
            "id": "3ETPGMre2vhE",
            "title": "The text in the book is going to read\n_*'*__*{{field:bb45bdeb-f952-4c7c-a682-e69103ca994c}}*__* also liked to*_ _*{{field:4ae019f5-b3b1-4b9b-a122-9efe129d159e}}*__*.'*_",
            "ref": "de26d46f-33b3-4c79-86c3-15a012188644",
            "properties": {
              "randomize": false,
              "allow_multiple_selection": false,
              "allow_other_choice": false,
              "vertical_alignment": true,
              "choices": [
                {
                  "id": "mzL1TFBo4cuK",
                  "ref": "74114043-9e9b-4f0c-ae01-3b056ab72051",
                  "label": "That’s right"
                },
                {
                  "id": "xGkB00Kxmr4p",
                  "ref": "6c145a32-c236-4e3b-ae4f-2a84c18f8f93",
                  "label": "I’d like to correct something"
                }
              ]
            },
            "validations": {
              "required": true
            },
            "type": "multiple_choice"
          },
          {
            "id": "VgNCTZKFHXCr",
            "title": "Please upload another photo of yourself as a young adult",
            "ref": "f139c30e-fffe-4c98-8281-faea6ab86e49",
            "properties": {
              "description": "This can be, but doesn't have to be an image of you doing the activity you have just described"
            },
            "validations": {
              "required": true
            },
            "type": "file_upload"
          }
        ]
      },
      "type": "group"
    },
    {
      "id": "JoMyRyhukmSs",
      "title": "{{hidden:respondent}}'s work",
      "ref": "4dec73cd-567a-49fa-aa9f-3d15e9f4a537",
      "properties": {
        "button_text": "Continue",
        "show_button": true,
        "fields": [
          {
            "id": "k1QMMhR9XbQO",
            "title": "Do you currently work or did you used to work and would like to tell {{hidden:child}} about it?",
            "ref": "4ac32921-1bff-4d32-9e5c-3ae9c78f5f67",
            "properties": {
              "randomize": false,
              "allow_multiple_selection": false,
              "allow_other_choice": false,
              "vertical_alignment": true,
              "choices": [
                {
                  "id": "eGetGaAsV911",
                  "ref": "69324e10-cd5e-40c1-a879-e3ecf061ec2b",
                  "label": "No"
                },
                {
                  "id": "yMRN1vTQNZhF",
                  "ref": "3d13a330-05b2-4e1c-a036-e520bc10dd48",
                  "label": "I would like to include the work I used to do"
                },
                {
                  "id": "hOMSiTJ7x4Rw",
                  "ref": "7135c83f-f91f-45af-a408-8ba683fca145",
                  "label": "I would like to include the job I currently do"
                }
              ]
            },
            "validations": {
              "required": true
            },
            "type": "multiple_choice"
          },
          {
            "id": "WmRNXoRo8P2m",
            "title": "Would your child understand your role? (eg train driver, doctor, fireman)",
            "ref": "045b67b3-1201-46a8-89b8-aa7a4b6fbe09",
            "properties": {},
            "validations": {
              "required": true
            },
            "type": "yes_no"
          },
          {
            "id": "0T2iBO06THhq",
            "title": "That's great, please add it below",
            "ref": "af118810-e5f5-47b7-aa75-ce7769cde30f",
            "properties": {
              "description": "Please complete the sentence\n_*'*__*{{field:bb45bdeb-f952-4c7c-a682-e69103ca994c}}*__* used to work as a ...'*_"
            },
            "validations": {
              "required": true
            },
            "type": "short_text"
          },
          {
            "id": "qkpitV49Oek7",
            "title": "The text in the book is going to read\n_*'*__*{{field:bb45bdeb-f952-4c7c-a682-e69103ca994c}}*__* used to work as a*_ _*{{field:af118810-e5f5-47b7-aa75-ce7769cde30f}}*__*.'*_",
            "ref": "f6f685c9-427d-4c47-b815-51cb9b8ce68f",
            "properties": {
              "randomize": false,
              "allow_multiple_selection": false,
              "allow_other_choice": false,
              "vertical_alignment": true,
              "choices": [
                {
                  "id": "wGP5oDS9Esw6",
                  "ref": "794e1c0e-2e7a-49b5-bf07-064aa2325e0c",
                  "label": "That’s right"
                },
                {
                  "id": "bVnJBxCe49F5",
                  "ref": "e98339c0-5414-453b-814b-276058b7f5db",
                  "label": "I’d like to correct something"
                }
              ]
            },
            "validations": {
              "required": true
            },
            "type": "multiple_choice"
          },
          {
            "id": "ETwKGXeU2eDi",
            "title": "That's great, please add it below",
            "ref": "e47e96fd-bf5f-4d58-a865-bcfa13a6656b",
            "properties": {
              "description": "Please complete the sentence\n_*'*__*{{field:bb45bdeb-f952-4c7c-a682-e69103ca994c}}*__* works as a ...'*_"
            },
            "validations": {
              "required": true
            },
            "type": "short_text"
          },
          {
            "id": "OrhqdVfVKgfe",
            "title": "The text in the book is going to read\n_*'*__*{{field:bb45bdeb-f952-4c7c-a682-e69103ca994c}}*__* works as a*_ _*{{field:e47e96fd-bf5f-4d58-a865-bcfa13a6656b}}*__*.'*_",
            "ref": "da316f73-4ae5-47ef-8850-913e5075cbdd",
            "properties": {
              "randomize": false,
              "allow_multiple_selection": false,
              "allow_other_choice": false,
              "vertical_alignment": true,
              "choices": [
                {
                  "id": "TNzBbCew3mVG",
                  "ref": "307854ee-384b-4c9d-93af-f21609d38c22",
                  "label": "That’s right"
                },
                {
                  "id": "3pInPKkRcdxY",
                  "ref": "ed4ff2a7-dcdb-4e32-8678-70a8040ae061",
                  "label": "I’d like to correct something"
                }
              ]
            },
            "validations": {
              "required": true
            },
            "type": "multiple_choice"
          },
          {
            "id": "SXyDvzYXoz6E",
            "title": "You could either describe what the company you worked for does or did ({{field:bb45bdeb-f952-4c7c-a682-e69103ca994c}} used to work for a company that makes ...) or in terms of helping people  ",
            "ref": "eb6c6a5d-7bc1-411c-8608-64b31ce04078",
            "properties": {
              "description": "Please answer as if talking to {{hidden:child}} and complete the sentence\n_*'*__*{{field:bb45bdeb-f952-4c7c-a682-e69103ca994c}}*__* used to ... . ' (work/help/make/look after... )*_\n\nFor example\n'work as an IT consultant, helping people to buy the right kind of computers\n'work as a journalist, helping people makes sense of what is happening in the world'\n'work as a cashier in a bank, helping people to put money into their bank accounts'\n'work as a therapist, helping people with problems'\n'work as a designer, making things look nice and easy to use on the internet'"
            },
            "validations": {
              "required": true
            },
            "type": "short_text"
          },
          {
            "id": "VSXixzEJHQhD",
            "title": "The text in the book is going to read\n_*'*__*{{field:bb45bdeb-f952-4c7c-a682-e69103ca994c}}*__* used to*_ _*{{field:eb6c6a5d-7bc1-411c-8608-64b31ce04078}}*__*.'*_",
            "ref": "80dfe313-808d-491d-b499-ed1e5c017ec1",
            "properties": {
              "randomize": false,
              "allow_multiple_selection": false,
              "allow_other_choice": false,
              "vertical_alignment": true,
              "choices": [
                {
                  "id": "EJqYmsCd0VTp",
                  "ref": "782ada65-a8c2-4173-8781-b75a621ca751",
                  "label": "That's right"
                },
                {
                  "id": "g2NJrhGH0VWp",
                  "ref": "698b5236-7c78-42de-ba74-e1d51a4d3d66",
                  "label": "I'd like to correct something"
                }
              ]
            },
            "validations": {
              "required": true
            },
            "type": "multiple_choice"
          },
          {
            "id": "ULXjNmIMoBWw",
            "title": "You could either describe what the company you work for does ({{field:bb45bdeb-f952-4c7c-a682-e69103ca994c}} works for a company that makes ...) or in terms of helping people ",
            "ref": "88d66d5c-e527-47ee-9331-c6eefaecf32a",
            "properties": {
              "description": "Please answer as if talking to {{hidden:child}} and complete the sentence\n_*'*__*{{field:bb45bdeb-f952-4c7c-a682-e69103ca994c}}*__* ... . '*_ \n\nFor example \n'work as an IT consultant, helping people to buy the right kind of computers\n'work as a journalist, helping people makes sense of what is happening in the world'\n'work as a cashier in a bank, helping people to put money into their bank accounts'\n'work as a therapist, helping people with problems'\n'work as a designer, making things look nice and easy to use on the internet'"
            },
            "validations": {
              "required": true
            },
            "type": "short_text"
          },
          {
            "id": "xCStdpBCepZe",
            "title": "The text in the book is going to read \n_*'*__*{{field:bb45bdeb-f952-4c7c-a682-e69103ca994c}}*_ _*{{field:88d66d5c-e527-47ee-9331-c6eefaecf32a}}*__*.'*_",
            "ref": "fdf8fc87-a0ac-412d-a4fd-fe8901eac217",
            "properties": {
              "randomize": false,
              "allow_multiple_selection": false,
              "allow_other_choice": false,
              "vertical_alignment": true,
              "choices": [
                {
                  "id": "I1LP90dTFxtp",
                  "ref": "8d9fbccb-c867-48bb-badb-98315314d323",
                  "label": "That’s right"
                },
                {
                  "id": "hwZp4tqEw3PH",
                  "ref": "b0f08acb-316b-4c7c-9713-9d705388df0e",
                  "label": "I’d like to correct something"
                }
              ]
            },
            "validations": {
              "required": true
            },
            "type": "multiple_choice"
          },
          {
            "id": "kjf31GSOayIK",
            "title": "Please upload another photo of yourself – ideally one of you at work",
            "ref": "01a59724-ae64-4968-a23b-d6fb4c6023ae",
            "properties": {
              "description": "You could take a selfie, or a photo of something that symbolises your work - for example, a big kitchen if you work as a cook, or a bridge if you're a structural engineer"
            },
            "validations": {
              "required": true
            },
            "type": "file_upload"
          }
        ]
      },
      "type": "group"
    },
    {
      "id": "dz5CxmdLijsp",
      "title": "Please go through it once more to check it's all in place before pressing submit below",
      "ref": "061c0946-2e3e-4613-8499-8db99cc3f517",
      "properties": {
        "button_text": "Continue",
        "hide_marks": false
      },
      "type": "statement"
    }
  ],
  "hidden": [
    "respondent",
    "partner",
    "child"
  ],
  "logic": [
    {
      "type": "field",
      "ref": "3aa329c2-cf60-4512-a11c-83c299731c31",
      "actions": [
        {
          "action": "jump",
          "details": {
            "to": {
              "type": "field",
              "value": "96ce3e8f-cc0f-4cc6-8d65-a057a0810cd8"
            }
          },
          "condition": {
            "op": "is",
            "vars": [
              {
                "type": "field",
                "value": "3aa329c2-cf60-4512-a11c-83c299731c31"
              },
              {
                "type": "choice",
                "value": "5c642aa9-835a-43bb-800e-0ecbadf51db2"
              }
            ]
          }
        },
        {
          "action": "jump",
          "details": {
            "to": {
              "type": "field",
              "value": "15f45c73-6533-486f-9b9d-6fec59c9101a"
            }
          },
          "condition": {
            "op": "is",
            "vars": [
              {
                "type": "field",
                "value": "3aa329c2-cf60-4512-a11c-83c299731c31"
              },
              {
                "type": "choice",
                "value": "88ba2b18-c321-46e2-9830-a670c5463d79"
              }
            ]
          }
        },
        {
          "action": "jump",
          "details": {
            "to": {
              "type": "field",
              "value": "4beb1a96-bfcb-4e35-bff4-cb6bcbd25939"
            }
          },
          "condition": {
            "op": "is",
            "vars": [
              {
                "type": "field",
                "value": "3aa329c2-cf60-4512-a11c-83c299731c31"
              },
              {
                "type": "choice",
                "value": "3215d129-4774-4ac7-951a-e9f39b5accf9"
              }
            ]
          }
        },
        {
          "action": "jump",
          "details": {
            "to": {
              "type": "field",
              "value": "6a2ed2ca-acca-4f30-99ae-4ef3787491f0"
            }
          },
          "condition": {
            "op": "is",
            "vars": [
              {
                "type": "field",
                "value": "3aa329c2-cf60-4512-a11c-83c299731c31"
              },
              {
                "type": "choice",
                "value": "3d1d263f-071a-4ba0-a4f7-096aaeebf7fc"
              }
            ]
          }
        },
        {
          "action": "jump",
          "details": {
            "to": {
              "type": "field",
              "value": "918b19ce-9576-44f3-8393-e672bd4c00ad"
            }
          },
          "condition": {
            "op": "is",
            "vars": [
              {
                "type": "field",
                "value": "3aa329c2-cf60-4512-a11c-83c299731c31"
              },
              {
                "type": "choice",
                "value": "2d4f7c78-adca-44b6-ad46-7355603d8551"
              }
            ]
          }
        },
        {
          "action": "jump",
          "details": {
            "to": {
              "type": "field",
              "value": "fa09be32-23bd-41e0-b19d-d95717f5217d"
            }
          },
          "condition": {
            "op": "is",
            "vars": [
              {
                "type": "field",
                "value": "3aa329c2-cf60-4512-a11c-83c299731c31"
              },
              {
                "type": "choice",
                "value": "dbefd503-a0a5-4040-8bd9-cf4127086742"
              }
            ]
          }
        },
        {
          "action": "jump",
          "details": {
            "to": {
              "type": "field",
              "value": "8dd4d56a-56bf-4e87-8f08-fe4d1a143274"
            }
          },
          "condition": {
            "op": "is",
            "vars": [
              {
                "type": "field",
                "value": "3aa329c2-cf60-4512-a11c-83c299731c31"
              },
              {
                "type": "choice",
                "value": "1b3176d5-30bf-4bf0-ac20-3534372c0c48"
              }
            ]
          }
        },
        {
          "action": "jump",
          "details": {
            "to": {
              "type": "field",
              "value": "2fd79fa3-b65d-4a86-ac70-e2156ae70d5f"
            }
          },
          "condition": {
            "op": "is",
            "vars": [
              {
                "type": "field",
                "value": "3aa329c2-cf60-4512-a11c-83c299731c31"
              },
              {
                "type": "choice",
                "value": "203102ed-eaa5-45e3-a54e-87a830c61523"
              }
            ]
          }
        },
        {
          "action": "jump",
          "details": {
            "to": {
              "type": "field",
              "value": "238388f1-4995-47b1-a3c6-b1854656e4ac"
            }
          },
          "condition": {
            "op": "is",
            "vars": [
              {
                "type": "field",
                "value": "3aa329c2-cf60-4512-a11c-83c299731c31"
              },
              {
                "type": "choice",
                "value": "a3abd3f5-35e0-482a-816c-aff851cf617c"
              }
            ]
          }
        },
        {
          "action": "jump",
          "details": {
            "to": {
              "type": "field",
              "value": "94c0de70-cfd0-47c6-a5e2-af08ac7f23b1"
            }
          },
          "condition": {
            "op": "always",
            "vars": []
          }
        }
      ]
    },
    {
      "type": "field",
      "ref": "4b2139df-e0c5-438e-abf0-eefc7865c398",
      "actions": [
        {
          "action": "jump",
          "details": {
            "to": {
              "type": "field",
              "value": "29d59a93-44f3-4966-aab5-8ea9d57addfd"
            }
          },
          "condition": {
            "op": "is",
            "vars": [
              {
                "type": "field",
                "value": "4b2139df-e0c5-438e-abf0-eefc7865c398"
              },
              {
                "type": "choice",
                "value": "d5074fa2-351e-4458-b77c-c917b352fc58"
              }
            ]
          }
        },
        {
          "action": "jump",
          "details": {
            "to": {
              "type": "field",
              "value": "8f75c702-e162-4194-afdb-a83b097c0b59"
            }
          },
          "condition": {
            "op": "is",
            "vars": [
              {
                "type": "field",
                "value": "4b2139df-e0c5-438e-abf0-eefc7865c398"
              },
              {
                "type": "choice",
                "value": "496cb323-f333-49d8-9f09-be7c62f3dcd6"
              }
            ]
          }
        },
        {
          "action": "jump",
          "details": {
            "to": {
              "type": "field",
              "value": "76e3d209-bc6b-4f9b-b97b-1d7605aa79a4"
            }
          },
          "condition": {
            "op": "is",
            "vars": [
              {
                "type": "field",
                "value": "4b2139df-e0c5-438e-abf0-eefc7865c398"
              },
              {
                "type": "choice",
                "value": "6c2759e3-036f-436f-aa1f-68db58e06abb"
              }
            ]
          }
        },
        {
          "action": "jump",
          "details": {
            "to": {
              "type": "field",
              "value": "faf160b8-fe3e-4d34-8942-b955372fc347"
            }
          },
          "condition": {
            "op": "is",
            "vars": [
              {
                "type": "field",
                "value": "4b2139df-e0c5-438e-abf0-eefc7865c398"
              },
              {
                "type": "choice",
                "value": "388457b3-c5b1-45a7-856b-69741a9873f6"
              }
            ]
          }
        },
        {
          "action": "jump",
          "details": {
            "to": {
              "type": "field",
              "value": "e63255b1-ed3f-40be-98a1-2f096c569c1c"
            }
          },
          "condition": {
            "op": "is",
            "vars": [
              {
                "type": "field",
                "value": "4b2139df-e0c5-438e-abf0-eefc7865c398"
              },
              {
                "type": "choice",
                "value": "6227d16e-d7e2-4793-b361-93f153b852b3"
              }
            ]
          }
        },
        {
          "action": "jump",
          "details": {
            "to": {
              "type": "field",
              "value": "44d40527-2345-4c7c-8d59-3eb7a4a4599c"
            }
          },
          "condition": {
            "op": "is",
            "vars": [
              {
                "type": "field",
                "value": "4b2139df-e0c5-438e-abf0-eefc7865c398"
              },
              {
                "type": "choice",
                "value": "60ace9f5-e4f2-4627-bcf0-b64412dec3c1"
              }
            ]
          }
        },
        {
          "action": "jump",
          "details": {
            "to": {
              "type": "field",
              "value": "13b7f8e9-21a5-4349-881a-044f0990efc7"
            }
          },
          "condition": {
            "op": "is",
            "vars": [
              {
                "type": "field",
                "value": "4b2139df-e0c5-438e-abf0-eefc7865c398"
              },
              {
                "type": "choice",
                "value": "11beb14a-c592-42f0-91e8-e0597d4c9763"
              }
            ]
          }
        },
        {
          "action": "jump",
          "details": {
            "to": {
              "type": "field",
              "value": "5a08a36d-0199-4916-90b5-41520e4085aa"
            }
          },
          "condition": {
            "op": "is",
            "vars": [
              {
                "type": "field",
                "value": "4b2139df-e0c5-438e-abf0-eefc7865c398"
              },
              {
                "type": "choice",
                "value": "cd486465-1afd-40a8-8fed-03fcbad8e545"
              }
            ]
          }
        },
        {
          "action": "jump",
          "details": {
            "to": {
              "type": "field",
              "value": "e4c49275-17fe-469e-875d-048540a69e64"
            }
          },
          "condition": {
            "op": "is",
            "vars": [
              {
                "type": "field",
                "value": "4b2139df-e0c5-438e-abf0-eefc7865c398"
              },
              {
                "type": "choice",
                "value": "e960fd5d-e2db-490b-b3ca-0477e6679cba"
              }
            ]
          }
        },
        {
          "action": "jump",
          "details": {
            "to": {
              "type": "field",
              "value": "4ae019f5-b3b1-4b9b-a122-9efe129d159e"
            }
          },
          "condition": {
            "op": "always",
            "vars": []
          }
        }
      ]
    },
    {
      "type": "field",
      "ref": "6097128b-1635-4755-9479-5f25b68299ce",
      "actions": [
        {
          "action": "jump",
          "details": {
            "to": {
              "type": "field",
              "value": "d9fb12b8-69b1-440c-a9ca-079a7db2b61b"
            }
          },
          "condition": {
            "op": "is",
            "vars": [
              {
                "type": "field",
                "value": "6097128b-1635-4755-9479-5f25b68299ce"
              },
              {
                "type": "choice",
                "value": "c7c9df08-b357-4be9-ba31-785b493b224e"
              }
            ]
          }
        },
        {
          "action": "jump",
          "details": {
            "to": {
              "type": "field",
              "value": "3aa329c2-cf60-4512-a11c-83c299731c31"
            }
          },
          "condition": {
            "op": "always",
            "vars": []
          }
        }
      ]
    },
    {
      "type": "field",
      "ref": "48d4a9ed-0266-4278-8239-a66d0d350a38",
      "actions": [
        {
          "action": "jump",
          "details": {
            "to": {
              "type": "field",
              "value": "d9fb12b8-69b1-440c-a9ca-079a7db2b61b"
            }
          },
          "condition": {
            "op": "is",
            "vars": [
              {
                "type": "field",
                "value": "48d4a9ed-0266-4278-8239-a66d0d350a38"
              },
              {
                "type": "choice",
                "value": "555c13b3-fcc0-4b56-a9b2-e3650ab173d7"
              }
            ]
          }
        },
        {
          "action": "jump",
          "details": {
            "to": {
              "type": "field",
              "value": "3aa329c2-cf60-4512-a11c-83c299731c31"
            }
          },
          "condition": {
            "op": "always",
            "vars": []
          }
        }
      ]
    },
    {
      "type": "field",
      "ref": "faf576ba-fb56-4ce8-8509-80bb01b36b15",
      "actions": [
        {
          "action": "jump",
          "details": {
            "to": {
              "type": "field",
              "value": "d9fb12b8-69b1-440c-a9ca-079a7db2b61b"
            }
          },
          "condition": {
            "op": "is",
            "vars": [
              {
                "type": "field",
                "value": "faf576ba-fb56-4ce8-8509-80bb01b36b15"
              },
              {
                "type": "choice",
                "value": "9597deca-50e8-4fb9-8089-419a27ec12e7"
              }
            ]
          }
        },
        {
          "action": "jump",
          "details": {
            "to": {
              "type": "field",
              "value": "3aa329c2-cf60-4512-a11c-83c299731c31"
            }
          },
          "condition": {
            "op": "always",
            "vars": []
          }
        }
      ]
    },
    {
      "type": "field",
      "ref": "5f7b8cd5-3c59-42f6-9efb-ebb726a1f6cc",
      "actions": [
        {
          "action": "jump",
          "details": {
            "to": {
              "type": "field",
              "value": "d9fb12b8-69b1-440c-a9ca-079a7db2b61b"
            }
          },
          "condition": {
            "op": "is",
            "vars": [
              {
                "type": "field",
                "value": "5f7b8cd5-3c59-42f6-9efb-ebb726a1f6cc"
              },
              {
                "type": "choice",
                "value": "1a0904ca-e7ee-40b5-9d4e-16f735424dec"
              }
            ]
          }
        },
        {
          "action": "jump",
          "details": {
            "to": {
              "type": "field",
              "value": "3aa329c2-cf60-4512-a11c-83c299731c31"
            }
          },
          "condition": {
            "op": "always",
            "vars": []
          }
        }
      ]
    },
    {
      "type": "field",
      "ref": "a8c4154b-7c9f-40b3-847c-08e7020ba9d1",
      "actions": [
        {
          "action": "jump",
          "details": {
            "to": {
              "type": "field",
              "value": "d9fb12b8-69b1-440c-a9ca-079a7db2b61b"
            }
          },
          "condition": {
            "op": "is",
            "vars": [
              {
                "type": "field",
                "value": "a8c4154b-7c9f-40b3-847c-08e7020ba9d1"
              },
              {
                "type": "choice",
                "value": "cb7d26bc-183a-4f80-99cb-b58a4960aae0"
              }
            ]
          }
        },
        {
          "action": "jump",
          "details": {
            "to": {
              "type": "field",
              "value": "3aa329c2-cf60-4512-a11c-83c299731c31"
            }
          },
          "condition": {
            "op": "always",
            "vars": []
          }
        }
      ]
    },
    {
      "type": "field",
      "ref": "17597929-265e-40e7-8a83-24d81c436206",
      "actions": [
        {
          "action": "jump",
          "details": {
            "to": {
              "type": "field",
              "value": "d9fb12b8-69b1-440c-a9ca-079a7db2b61b"
            }
          },
          "condition": {
            "op": "is",
            "vars": [
              {
                "type": "field",
                "value": "17597929-265e-40e7-8a83-24d81c436206"
              },
              {
                "type": "choice",
                "value": "21ee2f33-600a-452f-8bc9-8d3503c0f39a"
              }
            ]
          }
        },
        {
          "action": "jump",
          "details": {
            "to": {
              "type": "field",
              "value": "3aa329c2-cf60-4512-a11c-83c299731c31"
            }
          },
          "condition": {
            "op": "always",
            "vars": []
          }
        }
      ]
    },
    {
      "type": "field",
      "ref": "148d7374-73c1-48c1-a56b-efcba3fab85a",
      "actions": [
        {
          "action": "jump",
          "details": {
            "to": {
              "type": "field",
              "value": "d9fb12b8-69b1-440c-a9ca-079a7db2b61b"
            }
          },
          "condition": {
            "op": "is",
            "vars": [
              {
                "type": "field",
                "value": "148d7374-73c1-48c1-a56b-efcba3fab85a"
              },
              {
                "type": "choice",
                "value": "efb0d07d-3508-4967-8e4b-69eaff45e7ce"
              }
            ]
          }
        },
        {
          "action": "jump",
          "details": {
            "to": {
              "type": "field",
              "value": "3aa329c2-cf60-4512-a11c-83c299731c31"
            }
          },
          "condition": {
            "op": "always",
            "vars": []
          }
        }
      ]
    },
    {
      "type": "field",
      "ref": "49baa96a-045b-46ab-91aa-52c667e1705c",
      "actions": [
        {
          "action": "jump",
          "details": {
            "to": {
              "type": "field",
              "value": "d9fb12b8-69b1-440c-a9ca-079a7db2b61b"
            }
          },
          "condition": {
            "op": "is",
            "vars": [
              {
                "type": "field",
                "value": "49baa96a-045b-46ab-91aa-52c667e1705c"
              },
              {
                "type": "choice",
                "value": "eae2822e-c59c-43f7-ac84-edfd579643e8"
              }
            ]
          }
        },
        {
          "action": "jump",
          "details": {
            "to": {
              "type": "field",
              "value": "3aa329c2-cf60-4512-a11c-83c299731c31"
            }
          },
          "condition": {
            "op": "always",
            "vars": []
          }
        }
      ]
    },
    {
      "type": "field",
      "ref": "630d9ef4-331b-4eb3-bb51-10fcfb49e072",
      "actions": [
        {
          "action": "jump",
          "details": {
            "to": {
              "type": "field",
              "value": "d9fb12b8-69b1-440c-a9ca-079a7db2b61b"
            }
          },
          "condition": {
            "op": "is",
            "vars": [
              {
                "type": "field",
                "value": "630d9ef4-331b-4eb3-bb51-10fcfb49e072"
              },
              {
                "type": "choice",
                "value": "4e399f84-0dc5-4a3a-aef3-71bcd6c5d800"
              }
            ]
          }
        },
        {
          "action": "jump",
          "details": {
            "to": {
              "type": "field",
              "value": "3aa329c2-cf60-4512-a11c-83c299731c31"
            }
          },
          "condition": {
            "op": "always",
            "vars": []
          }
        }
      ]
    },
    {
      "type": "field",
      "ref": "40609f43-2849-4e31-bc64-f17f53713320",
      "actions": [
        {
          "action": "jump",
          "details": {
            "to": {
              "type": "field",
              "value": "d9fb12b8-69b1-440c-a9ca-079a7db2b61b"
            }
          },
          "condition": {
            "op": "is",
            "vars": [
              {
                "type": "field",
                "value": "40609f43-2849-4e31-bc64-f17f53713320"
              },
              {
                "type": "choice",
                "value": "2cc0b717-fb48-4f51-af14-61a5fbc6e1e8"
              }
            ]
          }
        },
        {
          "action": "jump",
          "details": {
            "to": {
              "type": "field",
              "value": "3aa329c2-cf60-4512-a11c-83c299731c31"
            }
          },
          "condition": {
            "op": "always",
            "vars": []
          }
        }
      ]
    },
    {
      "type": "field",
      "ref": "67e29e20-b383-48b3-b7c0-e48f4758bcbc",
      "actions": [
        {
          "action": "jump",
          "details": {
            "to": {
              "type": "field",
              "value": "f139c30e-fffe-4c98-8281-faea6ab86e49"
            }
          },
          "condition": {
            "op": "is",
            "vars": [
              {
                "type": "field",
                "value": "67e29e20-b383-48b3-b7c0-e48f4758bcbc"
              },
              {
                "type": "choice",
                "value": "9ad48fab-366d-4ca5-8643-5bdd2d8ca315"
              }
            ]
          }
        },
        {
          "action": "jump",
          "details": {
            "to": {
              "type": "field",
              "value": "4b2139df-e0c5-438e-abf0-eefc7865c398"
            }
          },
          "condition": {
            "op": "always",
            "vars": []
          }
        }
      ]
    },
    {
      "type": "field",
      "ref": "c336fbba-f73b-4500-85e9-67da6d475f12",
      "actions": [
        {
          "action": "jump",
          "details": {
            "to": {
              "type": "field",
              "value": "f139c30e-fffe-4c98-8281-faea6ab86e49"
            }
          },
          "condition": {
            "op": "is",
            "vars": [
              {
                "type": "field",
                "value": "c336fbba-f73b-4500-85e9-67da6d475f12"
              },
              {
                "type": "choice",
                "value": "0131ada8-9058-4e82-8102-86cbad5ef649"
              }
            ]
          }
        },
        {
          "action": "jump",
          "details": {
            "to": {
              "type": "field",
              "value": "4b2139df-e0c5-438e-abf0-eefc7865c398"
            }
          },
          "condition": {
            "op": "always",
            "vars": []
          }
        }
      ]
    },
    {
      "type": "field",
      "ref": "27ccc165-c4de-41af-b1cb-92301995b491",
      "actions": [
        {
          "action": "jump",
          "details": {
            "to": {
              "type": "field",
              "value": "f139c30e-fffe-4c98-8281-faea6ab86e49"
            }
          },
          "condition": {
            "op": "is",
            "vars": [
              {
                "type": "field",
                "value": "27ccc165-c4de-41af-b1cb-92301995b491"
              },
              {
                "type": "choice",
                "value": "e3f0751a-7df1-4d1a-bba1-7b61c7d535ff"
              }
            ]
          }
        },
        {
          "action": "jump",
          "details": {
            "to": {
              "type": "field",
              "value": "4b2139df-e0c5-438e-abf0-eefc7865c398"
            }
          },
          "condition": {
            "op": "always",
            "vars": []
          }
        }
      ]
    },
    {
      "type": "field",
      "ref": "2f3d30b0-2d61-4a7b-96e9-180d1b49dd09",
      "actions": [
        {
          "action": "jump",
          "details": {
            "to": {
              "type": "field",
              "value": "f139c30e-fffe-4c98-8281-faea6ab86e49"
            }
          },
          "condition": {
            "op": "is",
            "vars": [
              {
                "type": "field",
                "value": "2f3d30b0-2d61-4a7b-96e9-180d1b49dd09"
              },
              {
                "type": "choice",
                "value": "390e673b-3c4e-4b8a-94ac-a1f9470c4484"
              }
            ]
          }
        },
        {
          "action": "jump",
          "details": {
            "to": {
              "type": "field",
              "value": "4b2139df-e0c5-438e-abf0-eefc7865c398"
            }
          },
          "condition": {
            "op": "always",
            "vars": []
          }
        }
      ]
    },
    {
      "type": "field",
      "ref": "1d587afe-4fa2-4ed6-a46d-bba115bc041c",
      "actions": [
        {
          "action": "jump",
          "details": {
            "to": {
              "type": "field",
              "value": "f139c30e-fffe-4c98-8281-faea6ab86e49"
            }
          },
          "condition": {
            "op": "is",
            "vars": [
              {
                "type": "field",
                "value": "1d587afe-4fa2-4ed6-a46d-bba115bc041c"
              },
              {
                "type": "choice",
                "value": "7ace6005-bed1-47dc-8a30-6e41cf3f76ac"
              }
            ]
          }
        },
        {
          "action": "jump",
          "details": {
            "to": {
              "type": "field",
              "value": "4b2139df-e0c5-438e-abf0-eefc7865c398"
            }
          },
          "condition": {
            "op": "always",
            "vars": []
          }
        }
      ]
    },
    {
      "type": "field",
      "ref": "a442e0bb-5a44-43fd-a5cd-7d72f1e0c3ea",
      "actions": [
        {
          "action": "jump",
          "details": {
            "to": {
              "type": "field",
              "value": "f139c30e-fffe-4c98-8281-faea6ab86e49"
            }
          },
          "condition": {
            "op": "is",
            "vars": [
              {
                "type": "field",
                "value": "a442e0bb-5a44-43fd-a5cd-7d72f1e0c3ea"
              },
              {
                "type": "choice",
                "value": "95429b03-96d0-41c1-ad80-1f0fdbb4e5cd"
              }
            ]
          }
        },
        {
          "action": "jump",
          "details": {
            "to": {
              "type": "field",
              "value": "4b2139df-e0c5-438e-abf0-eefc7865c398"
            }
          },
          "condition": {
            "op": "always",
            "vars": []
          }
        }
      ]
    },
    {
      "type": "field",
      "ref": "f0b8d8cc-3c49-4314-b594-58571667c7ec",
      "actions": [
        {
          "action": "jump",
          "details": {
            "to": {
              "type": "field",
              "value": "f139c30e-fffe-4c98-8281-faea6ab86e49"
            }
          },
          "condition": {
            "op": "is",
            "vars": [
              {
                "type": "field",
                "value": "f0b8d8cc-3c49-4314-b594-58571667c7ec"
              },
              {
                "type": "choice",
                "value": "ec763acf-7c47-4d37-b84e-0bd168919163"
              }
            ]
          }
        },
        {
          "action": "jump",
          "details": {
            "to": {
              "type": "field",
              "value": "4b2139df-e0c5-438e-abf0-eefc7865c398"
            }
          },
          "condition": {
            "op": "always",
            "vars": []
          }
        }
      ]
    },
    {
      "type": "field",
      "ref": "240091e8-99f5-48dc-ad11-68065669dd47",
      "actions": [
        {
          "action": "jump",
          "details": {
            "to": {
              "type": "field",
              "value": "f139c30e-fffe-4c98-8281-faea6ab86e49"
            }
          },
          "condition": {
            "op": "is",
            "vars": [
              {
                "type": "field",
                "value": "240091e8-99f5-48dc-ad11-68065669dd47"
              },
              {
                "type": "choice",
                "value": "c89b02b4-b792-4777-bfdd-15b0b4e4affe"
              }
            ]
          }
        },
        {
          "action": "jump",
          "details": {
            "to": {
              "type": "field",
              "value": "4b2139df-e0c5-438e-abf0-eefc7865c398"
            }
          },
          "condition": {
            "op": "always",
            "vars": []
          }
        }
      ]
    },
    {
      "type": "field",
      "ref": "63797790-2f9e-4b3b-9915-464fecaf9fec",
      "actions": [
        {
          "action": "jump",
          "details": {
            "to": {
              "type": "field",
              "value": "f139c30e-fffe-4c98-8281-faea6ab86e49"
            }
          },
          "condition": {
            "op": "is",
            "vars": [
              {
                "type": "field",
                "value": "63797790-2f9e-4b3b-9915-464fecaf9fec"
              },
              {
                "type": "choice",
                "value": "9f5730b1-8bf0-4c62-ad59-bdec9a7d5cdc"
              }
            ]
          }
        },
        {
          "action": "jump",
          "details": {
            "to": {
              "type": "field",
              "value": "4b2139df-e0c5-438e-abf0-eefc7865c398"
            }
          },
          "condition": {
            "op": "always",
            "vars": []
          }
        }
      ]
    },
    {
      "type": "field",
      "ref": "de26d46f-33b3-4c79-86c3-15a012188644",
      "actions": [
        {
          "action": "jump",
          "details": {
            "to": {
              "type": "field",
              "value": "f139c30e-fffe-4c98-8281-faea6ab86e49"
            }
          },
          "condition": {
            "op": "is",
            "vars": [
              {
                "type": "field",
                "value": "de26d46f-33b3-4c79-86c3-15a012188644"
              },
              {
                "type": "choice",
                "value": "74114043-9e9b-4f0c-ae01-3b056ab72051"
              }
            ]
          }
        },
        {
          "action": "jump",
          "details": {
            "to": {
              "type": "field",
              "value": "4b2139df-e0c5-438e-abf0-eefc7865c398"
            }
          },
          "condition": {
            "op": "always",
            "vars": []
          }
        }
      ]
    },
    {
      "type": "field",
      "ref": "045b67b3-1201-46a8-89b8-aa7a4b6fbe09",
      "actions": [
        {
          "action": "jump",
          "details": {
            "to": {
              "type": "field",
              "value": "af118810-e5f5-47b7-aa75-ce7769cde30f"
            }
          },
          "condition": {
            "op": "and",
            "vars": [
              {
                "op": "is",
                "vars": [
                  {
                    "type": "field",
                    "value": "045b67b3-1201-46a8-89b8-aa7a4b6fbe09"
                  },
                  {
                    "type": "constant",
                    "value": true
                  }
                ]
              },
              {
                "op": "is",
                "vars": [
                  {
                    "type": "field",
                    "value": "4ac32921-1bff-4d32-9e5c-3ae9c78f5f67"
                  },
                  {
                    "type": "choice",
                    "value": "3d13a330-05b2-4e1c-a036-e520bc10dd48"
                  }
                ]
              }
            ]
          }
        },
        {
          "action": "jump",
          "details": {
            "to": {
              "type": "field",
              "value": "e47e96fd-bf5f-4d58-a865-bcfa13a6656b"
            }
          },
          "condition": {
            "op": "and",
            "vars": [
              {
                "op": "is",
                "vars": [
                  {
                    "type": "field",
                    "value": "045b67b3-1201-46a8-89b8-aa7a4b6fbe09"
                  },
                  {
                    "type": "constant",
                    "value": true
                  }
                ]
              },
              {
                "op": "is",
                "vars": [
                  {
                    "type": "field",
                    "value": "4ac32921-1bff-4d32-9e5c-3ae9c78f5f67"
                  },
                  {
                    "type": "choice",
                    "value": "7135c83f-f91f-45af-a408-8ba683fca145"
                  }
                ]
              }
            ]
          }
        },
        {
          "action": "jump",
          "details": {
            "to": {
              "type": "field",
              "value": "eb6c6a5d-7bc1-411c-8608-64b31ce04078"
            }
          },
          "condition": {
            "op": "and",
            "vars": [
              {
                "op": "is",
                "vars": [
                  {
                    "type": "field",
                    "value": "045b67b3-1201-46a8-89b8-aa7a4b6fbe09"
                  },
                  {
                    "type": "constant",
                    "value": false
                  }
                ]
              },
              {
                "op": "is",
                "vars": [
                  {
                    "type": "field",
                    "value": "4ac32921-1bff-4d32-9e5c-3ae9c78f5f67"
                  },
                  {
                    "type": "choice",
                    "value": "3d13a330-05b2-4e1c-a036-e520bc10dd48"
                  }
                ]
              }
            ]
          }
        },
        {
          "action": "jump",
          "details": {
            "to": {
              "type": "field",
              "value": "88d66d5c-e527-47ee-9331-c6eefaecf32a"
            }
          },
          "condition": {
            "op": "and",
            "vars": [
              {
                "op": "is",
                "vars": [
                  {
                    "type": "field",
                    "value": "045b67b3-1201-46a8-89b8-aa7a4b6fbe09"
                  },
                  {
                    "type": "constant",
                    "value": false
                  }
                ]
              },
              {
                "op": "is",
                "vars": [
                  {
                    "type": "field",
                    "value": "4ac32921-1bff-4d32-9e5c-3ae9c78f5f67"
                  },
                  {
                    "type": "choice",
                    "value": "7135c83f-f91f-45af-a408-8ba683fca145"
                  }
                ]
              }
            ]
          }
        }
      ]
    },
    {
      "type": "field",
      "ref": "f6f685c9-427d-4c47-b815-51cb9b8ce68f",
      "actions": [
        {
          "action": "jump",
          "details": {
            "to": {
              "type": "field",
              "value": "01a59724-ae64-4968-a23b-d6fb4c6023ae"
            }
          },
          "condition": {
            "op": "is",
            "vars": [
              {
                "type": "field",
                "value": "f6f685c9-427d-4c47-b815-51cb9b8ce68f"
              },
              {
                "type": "choice",
                "value": "794e1c0e-2e7a-49b5-bf07-064aa2325e0c"
              }
            ]
          }
        },
        {
          "action": "jump",
          "details": {
            "to": {
              "type": "field",
              "value": "4ac32921-1bff-4d32-9e5c-3ae9c78f5f67"
            }
          },
          "condition": {
            "op": "always",
            "vars": []
          }
        }
      ]
    },
    {
      "type": "field",
      "ref": "da316f73-4ae5-47ef-8850-913e5075cbdd",
      "actions": [
        {
          "action": "jump",
          "details": {
            "to": {
              "type": "field",
              "value": "01a59724-ae64-4968-a23b-d6fb4c6023ae"
            }
          },
          "condition": {
            "op": "is",
            "vars": [
              {
                "type": "field",
                "value": "da316f73-4ae5-47ef-8850-913e5075cbdd"
              },
              {
                "type": "choice",
                "value": "307854ee-384b-4c9d-93af-f21609d38c22"
              }
            ]
          }
        },
        {
          "action": "jump",
          "details": {
            "to": {
              "type": "field",
              "value": "4ac32921-1bff-4d32-9e5c-3ae9c78f5f67"
            }
          },
          "condition": {
            "op": "always",
            "vars": []
          }
        }
      ]
    },
    {
      "type": "field",
      "ref": "80dfe313-808d-491d-b499-ed1e5c017ec1",
      "actions": [
        {
          "action": "jump",
          "details": {
            "to": {
              "type": "field",
              "value": "01a59724-ae64-4968-a23b-d6fb4c6023ae"
            }
          },
          "condition": {
            "op": "is",
            "vars": [
              {
                "type": "field",
                "value": "80dfe313-808d-491d-b499-ed1e5c017ec1"
              },
              {
                "type": "choice",
                "value": "782ada65-a8c2-4173-8781-b75a621ca751"
              }
            ]
          }
        },
        {
          "action": "jump",
          "details": {
            "to": {
              "type": "field",
              "value": "4ac32921-1bff-4d32-9e5c-3ae9c78f5f67"
            }
          },
          "condition": {
            "op": "always",
            "vars": []
          }
        }
      ]
    },
    {
      "type": "field",
      "ref": "fdf8fc87-a0ac-412d-a4fd-fe8901eac217",
      "actions": [
        {
          "action": "jump",
          "details": {
            "to": {
              "type": "field",
              "value": "01a59724-ae64-4968-a23b-d6fb4c6023ae"
            }
          },
          "condition": {
            "op": "is",
            "vars": [
              {
                "type": "field",
                "value": "fdf8fc87-a0ac-412d-a4fd-fe8901eac217"
              },
              {
                "type": "choice",
                "value": "8d9fbccb-c867-48bb-badb-98315314d323"
              }
            ]
          }
        },
        {
          "action": "jump",
          "details": {
            "to": {
              "type": "field",
              "value": "4ac32921-1bff-4d32-9e5c-3ae9c78f5f67"
            }
          },
          "condition": {
            "op": "always",
            "vars": []
          }
        }
      ]
    },
    {
      "type": "field",
      "ref": "4ac32921-1bff-4d32-9e5c-3ae9c78f5f67",
      "actions": [
        {
          "action": "jump",
          "details": {
            "to": {
              "type": "field",
              "value": "061c0946-2e3e-4613-8499-8db99cc3f517"
            }
          },
          "condition": {
            "op": "is",
            "vars": [
              {
                "type": "field",
                "value": "4ac32921-1bff-4d32-9e5c-3ae9c78f5f67"
              },
              {
                "type": "choice",
                "value": "69324e10-cd5e-40c1-a879-e3ecf061ec2b"
              }
            ]
          }
        },
        {
          "action": "jump",
          "details": {
            "to": {
              "type": "field",
              "value": "045b67b3-1201-46a8-89b8-aa7a4b6fbe09"
            }
          },
          "condition": {
            "op": "always",
            "vars": []
          }
        }
      ]
    },
    {
      "type": "field",
      "ref": "f139c30e-fffe-4c98-8281-faea6ab86e49",
      "actions": [
        {
          "action": "jump",
          "details": {
            "to": {
              "type": "field",
              "value": "4ac32921-1bff-4d32-9e5c-3ae9c78f5f67"
            }
          },
          "condition": {
            "op": "always",
            "vars": []
          }
        }
      ]
    }
  ],
  "_links": {
    "display": "https://thisstory.typeform.com/to/i37IILLs"
  }
}