{
  "id": "dBQBi7mh",
  "type": "form",
  "title": "201204 Chapter 7 2P-CL",
  "workspace": {
    "href": "https://api.typeform.com/workspaces/RLzBQQ"
  },
  "theme": {
    "href": "https://api.typeform.com/themes/qHWOQ7"
  },
  "settings": {
    "language": "en",
    "progress_bar": "percentage",
    "meta": {
      "allow_indexing": false
    },
    "hide_navigation": false,
    "is_public": true,
    "is_trial": false,
    "show_progress_bar": true,
    "show_typeform_branding": true,
    "are_uploads_public": false,
    "show_time_to_complete": true,
    "redirect_after_submit_url": "https://thisstory.typeform.com/to/P07fd5VA#respondent={{hidden:respondent}}&partner={{hidden:partner}}&child={{hidden:child}}"
  },
  "thankyou_screens": [
    {
      "id": "iZJgfvUQiaOl",
      "ref": "66a81650-4a2f-42c6-86e8-8ad3e62f8378",
      "title": "Only one chapter to go!",
      "properties": {
        "show_button": true,
        "share_icons": true,
        "button_mode": "redirect",
        "button_text": "This Story",
        "redirect_url": "https://thisstory.co.uk"
      }
    },
    {
      "id": "DefaultTyScreen",
      "ref": "default_tys",
      "title": "Done! Your information was sent perfectly.",
      "properties": {
        "show_button": false,
        "share_icons": false
      }
    }
  ],
  "welcome_screens": [
    {
      "id": "TCpWnJvUXcp5",
      "ref": "8033ee1e-3a40-410a-ac49-4a651f58a26e",
      "title": "Chapter Seven\n  \n{{hidden:child}} is born!\n ",
      "properties": {
        "show_button": true,
        "button_text": "Start"
      }
    }
  ],
  "fields": [
    {
      "id": "EHJQeVyaLOiL",
      "title": "Please remind us how {{hidden:child}} refers to you both ",
      "ref": "899e2d91-75da-429e-a686-994df8035b65",
      "properties": {
        "description": "For example: 'Mummy and Daddy' or 'Mum and Mummy'"
      },
      "validations": {
        "required": true
      },
      "type": "short_text"
    },
    {
      "id": "CNmEmTJHihvw",
      "title": "Please remind us if {{hidden:child}} has a twin",
      "ref": "43fe7530-3e9f-4dd8-a2af-83a959f00a70",
      "properties": {},
      "validations": {
        "required": true
      },
      "type": "yes_no"
    },
    {
      "id": "PGk5mJ52WAEb",
      "title": "What is {{hidden:child}}'s twin called?",
      "ref": "c134fcde-7160-40fb-94d4-1e65add83fac",
      "properties": {},
      "validations": {
        "required": true
      },
      "type": "short_text"
    },
    {
      "id": "fxRzmMrRZSVZ",
      "title": "Welcome {{hidden:child}}",
      "ref": "106143a3-5d98-4e0f-8f4e-2eb8200d23db",
      "properties": {
        "button_text": "Continue",
        "show_button": true,
        "fields": [
          {
            "id": "IjJJEhlDzKtQ",
            "title": "Would you like to include the date of {{hidden:child}}'s birthday here? ",
            "ref": "98fea6cd-41c3-4271-a7b1-add66b0d954e",
            "properties": {},
            "validations": {
              "required": true
            },
            "type": "yes_no"
          },
          {
            "id": "gN5SEdGFo1CO",
            "title": "What time was {{hidden:child}} born?",
            "ref": "2a59e658-718d-4f75-a78c-4ae605dbb8f7",
            "properties": {
              "description": "For example: '4pm' or '27 minutes past midnight'"
            },
            "validations": {
              "required": true
            },
            "type": "short_text"
          },
          {
            "id": "hTSzK5MtjNvv",
            "title": "What was the day of the month?",
            "ref": "c32cdce8-e5ec-4c20-8328-a3bad4d19ecc",
            "properties": {
              "description": "For example: '1st', third', or '22nd'"
            },
            "validations": {
              "required": true
            },
            "type": "short_text"
          },
          {
            "id": "tCIsUrmdXAw3",
            "title": "Which month was it?",
            "ref": "b5612c59-58b7-43b5-a554-dd16abf9f70f",
            "properties": {
              "randomize": false,
              "allow_multiple_selection": false,
              "allow_other_choice": false,
              "vertical_alignment": true,
              "choices": [
                {
                  "id": "pbFGPSYFOSY0",
                  "ref": "266600e9-998c-485f-8833-0aa1c6fc27b0",
                  "label": "January"
                },
                {
                  "id": "Nw9PsgpogWZp",
                  "ref": "c92a6ac0-c332-4078-9934-3a76b92cbe75",
                  "label": "February"
                },
                {
                  "id": "8zu8002phyei",
                  "ref": "6c4cfccf-de3c-4724-9eaa-84e5ccb36c32",
                  "label": "March"
                },
                {
                  "id": "V277yjpeaOFG",
                  "ref": "ebbd3312-1d73-42de-9b27-da609004521b",
                  "label": "April"
                },
                {
                  "id": "6MKdciOPLpll",
                  "ref": "693bb94a-f395-4bbc-92d6-cbe4600045d1",
                  "label": "May"
                },
                {
                  "id": "5p4vjwDn85la",
                  "ref": "7bf5030f-a6c1-4f34-823e-dddcdb8e693c",
                  "label": "June"
                },
                {
                  "id": "dDjDHOeAJUCi",
                  "ref": "651f2d6d-22d1-4c08-b23a-bd8234276e41",
                  "label": "July"
                },
                {
                  "id": "rRKrMjp6ADaU",
                  "ref": "0e4e5644-f353-43df-b8fe-d1a09e88f2f9",
                  "label": "August"
                },
                {
                  "id": "Hlo8OEIl0M8g",
                  "ref": "c065eb7a-a03a-45df-b200-4658e7c1900f",
                  "label": "September"
                },
                {
                  "id": "gBspQyzfLY1V",
                  "ref": "7092f9f5-3138-4685-950f-89cd05fe7845",
                  "label": "October"
                },
                {
                  "id": "oAOFxrkvUPZ4",
                  "ref": "d05032d2-13cb-46c8-8085-09aec1b69a88",
                  "label": "November"
                },
                {
                  "id": "auNucy4OOHMu",
                  "ref": "a712e597-0032-46b1-8960-7aaa27094e83",
                  "label": "December"
                }
              ]
            },
            "validations": {
              "required": true
            },
            "type": "multiple_choice"
          },
          {
            "id": "pvH11F7WbJb1",
            "title": "Which year? ",
            "ref": "fd85d4f9-bca0-4321-9a6b-dee2abc0b0dc",
            "properties": {},
            "validations": {
              "required": true
            },
            "type": "short_text"
          },
          {
            "id": "vzK0xSUNB4Iy",
            "title": "Where was {{hidden:child}} born? ",
            "ref": "bf32c287-f7db-4237-9683-6e1ee89ceeb0",
            "properties": {
              "description": "Please complete the sentence\n_*'you were born ... .'*_\n\nFor example: 'at Mendip Birth Centre, Bristol',  'at Whips Cross Hospital, London', 'at our home' or 'in York'"
            },
            "validations": {
              "required": true
            },
            "type": "short_text"
          },
          {
            "id": "oKgq85WdnRmk",
            "title": "Which season was {{hidden:child}} born in?",
            "ref": "0a5ccbde-9b44-4bff-bc02-db763856a012",
            "properties": {
              "randomize": false,
              "allow_multiple_selection": false,
              "allow_other_choice": false,
              "vertical_alignment": true,
              "choices": [
                {
                  "id": "q7doupsIG4Dx",
                  "ref": "1843fc1c-77b9-492b-9643-1032d614b448",
                  "label": "Spring"
                },
                {
                  "id": "LE74SrO0ymoe",
                  "ref": "42239aba-b1c9-4d88-b82f-6eecff51123c",
                  "label": "Summer"
                },
                {
                  "id": "NTMS72WHtTZB",
                  "ref": "d36d96bc-88b2-4de2-ace9-a5d359a5b9eb",
                  "label": "Autumn"
                },
                {
                  "id": "aeHgN6wMwgex",
                  "ref": "c18bb5e0-8183-412c-b003-63adecb0fd75",
                  "label": "Winter"
                }
              ]
            },
            "validations": {
              "required": true
            },
            "type": "multiple_choice"
          },
          {
            "id": "6hDk1AlZHBfr",
            "title": "Where was {{hidden:child}} born?",
            "ref": "c073e13a-2525-4694-b4d8-40d391c3db57",
            "properties": {
              "description": "Please complete the sentence \n_*'And then on a happy day in*_ _*{{field:0a5ccbde-9b44-4bff-bc02-db763856a012}}*__*, you were born ... '*_\n\nFor example: 'at Mendip Birth Centre, Bristol',  'at Whips Cross Hospital, London', 'at our home' or 'in Cardiff'"
            },
            "validations": {
              "required": true
            },
            "type": "short_text"
          },
          {
            "id": "QkkhGdR6RkaQ",
            "title": "How much did {{hidden:child}} weigh? ",
            "ref": "2e3df6b7-0775-4be4-9816-4474e5328053",
            "properties": {
              "description": "For example: '8lb 10.5 oz' or '3300 g'"
            },
            "validations": {
              "required": true
            },
            "type": "short_text"
          },
          {
            "id": "cDP5TqMosRUj",
            "title": "How would you describe {{hidden:child}} as a newborn?",
            "ref": "484fed65-9971-4a65-830c-660e98dfb88a",
            "properties": {
              "randomize": false,
              "allow_multiple_selection": false,
              "allow_other_choice": false,
              "vertical_alignment": true,
              "choices": [
                {
                  "id": "IJXRvL4luACG",
                  "ref": "f0ed2512-3396-4fa9-9a50-5bf5cdaaf5de",
                  "label": "beautiful"
                },
                {
                  "id": "QNz4IQ4RBZ44",
                  "ref": "411aee67-b04f-497d-ba52-4fa1b5195979",
                  "label": "perfect"
                },
                {
                  "id": "OmtBrYe0e2vW",
                  "ref": "90e256cf-1678-4114-8790-03cb2c74017f",
                  "label": "adorable"
                },
                {
                  "id": "3QrWIDwCkEqE",
                  "ref": "66ca5e38-9bb0-44e4-9cb1-856bf926797c",
                  "label": "precious"
                },
                {
                  "id": "cORGNds1TEKs",
                  "ref": "b392c444-9f69-48c1-ac3b-c13219a50904",
                  "label": "gorgeous"
                },
                {
                  "id": "z89gNL9JBaGQ",
                  "ref": "6d763a46-e58e-43c7-abcf-e6a25cc76e39",
                  "label": "cute"
                },
                {
                  "id": "M6NETlycmtDC",
                  "ref": "07282f82-dbdb-4f96-87a3-d3108d003d5b",
                  "label": "lovable"
                },
                {
                  "id": "dl8sOaa3IR7p",
                  "ref": "0d2889b3-33a1-4973-9105-4793c07c5a6c",
                  "label": "curious"
                },
                {
                  "id": "yx6kysbzdVLZ",
                  "ref": "eef33e03-2e8d-4728-a687-1c5ed0a5974f",
                  "label": "serene"
                },
                {
                  "id": "sIH2Uk0NaZb1",
                  "ref": "99b872d0-62bf-4ceb-9846-6c814dcac2b4",
                  "label": "calm"
                },
                {
                  "id": "Fm1DizpAMnxL",
                  "ref": "59cbef91-2ca9-4f25-8bf7-3c5ffc3fc567",
                  "label": "alert"
                },
                {
                  "id": "4EGIpL9SpzIp",
                  "ref": "1c012301-1060-4841-b142-15265f8b0710",
                  "label": "relaxed"
                },
                {
                  "id": "I5ZOPY7UZL0V",
                  "ref": "214d6a26-0532-4e39-8ffe-701a63b4fc62",
                  "label": "strong"
                },
                {
                  "id": "vOeXm6wnyWEu",
                  "ref": "84bfa1bb-f3df-4632-8345-07eae9f4885a",
                  "label": "lively"
                },
                {
                  "id": "uy8fypM3p2ku",
                  "ref": "476c1aba-c5d6-426a-a20d-13afbca91f35",
                  "label": "delicate"
                },
                {
                  "id": "mzewToyF2RNg",
                  "ref": "37cceefe-322d-4a05-9c71-ec906ab34f53",
                  "label": "bright-eyed"
                },
                {
                  "id": "0roGhhV8WRRO",
                  "ref": "a098583f-d6ab-4f95-b1b1-1cf09997c4da",
                  "label": "tiny"
                },
                {
                  "id": "uDL8ISRbcCzk",
                  "ref": "4b3cd079-180c-4942-9b6c-fa375e06de1d",
                  "label": "healthy"
                }
              ]
            },
            "validations": {
              "required": true
            },
            "type": "multiple_choice"
          },
          {
            "id": "nRTc337H2oc0",
            "title": "What other word would you use to describe {{hidden:child}} as a newborn?",
            "ref": "62a84cf5-2931-4cc6-9793-bc98eabd3a59",
            "properties": {
              "description": "Please choose a different adjective",
              "randomize": false,
              "allow_multiple_selection": false,
              "allow_other_choice": false,
              "vertical_alignment": true,
              "choices": [
                {
                  "id": "RsT5Nva4EVmi",
                  "ref": "b643e05c-4156-4d3f-bbef-a100e7ecbeac",
                  "label": "beautiful"
                },
                {
                  "id": "MXfyUvlpERzC",
                  "ref": "25601db9-2cb4-45fe-b630-3b459949a175",
                  "label": "perfect"
                },
                {
                  "id": "prdch3298zZH",
                  "ref": "55c11eaf-fbe9-4c1e-8c78-2e38dee6229b",
                  "label": "adorable"
                },
                {
                  "id": "7k5nSsVldBQp",
                  "ref": "87e0cd94-8427-4569-a316-c626613b3af5",
                  "label": "precious"
                },
                {
                  "id": "fnILXYWDr2A9",
                  "ref": "37b9380b-5cee-424d-9eef-2bf9981cfcb4",
                  "label": "gorgeous"
                },
                {
                  "id": "rhAWfWtgxEFf",
                  "ref": "1b80c55c-3696-4264-91cc-23614c7c7e15",
                  "label": "cute"
                },
                {
                  "id": "4BJy6Ij8mngO",
                  "ref": "80696a0f-3cd9-4993-8f4a-25fd8e93bbee",
                  "label": "lovable"
                },
                {
                  "id": "TPIWPs3g3KXX",
                  "ref": "18be75ce-3289-47d7-bc76-19c328496eb5",
                  "label": "curious"
                },
                {
                  "id": "waFXWzsq4amj",
                  "ref": "276506f0-cc4b-425c-87fc-35e80a581e4b",
                  "label": "serene"
                },
                {
                  "id": "lTMiKMwaOiFb",
                  "ref": "3d77cb53-00d0-4a93-8db2-da6cb43bfc17",
                  "label": "calm"
                },
                {
                  "id": "2nq8gxQl76g1",
                  "ref": "7af3b0ca-5322-457d-8f2a-fa4289327f1e",
                  "label": "alert"
                },
                {
                  "id": "53IPwcVdDKct",
                  "ref": "3d8f9bb4-f6cf-4cf1-b531-f57aa098845d",
                  "label": "relaxed"
                },
                {
                  "id": "zwcaesxK1hdd",
                  "ref": "4100231b-2e55-4c2e-8069-c389c72c1ded",
                  "label": "strong"
                },
                {
                  "id": "9NzWvPaFysUI",
                  "ref": "d597a0b0-d464-4e93-9869-bd664da3e794",
                  "label": "lively"
                },
                {
                  "id": "BpMwiQacNIBj",
                  "ref": "216514fa-7887-423e-8238-3da85481d4c2",
                  "label": "delicate"
                },
                {
                  "id": "jpLcgRC5EdE8",
                  "ref": "fe30a577-0e3c-4faf-9354-dc2c15c73058",
                  "label": "bright-eyed"
                },
                {
                  "id": "ZizwDCxAzZi3",
                  "ref": "de0e8ddb-0169-4e6d-abb0-c1a36da696f4",
                  "label": "tiny"
                },
                {
                  "id": "Kdr0zor4RnuL",
                  "ref": "fbf2b4a7-a7d4-4047-bdc5-d3840503b704",
                  "label": "healthy"
                }
              ]
            },
            "validations": {
              "required": true
            },
            "type": "multiple_choice"
          },
          {
            "id": "80TeGEJr26ob",
            "title": "The text is going to read\n_*'And then at*_ _*{{field:2a59e658-718d-4f75-a78c-4ae605dbb8f7}}*__* on the*_ _*{{field:c32cdce8-e5ec-4c20-8328-a3bad4d19ecc}}*__* of*_ _*{{field:b5612c59-58b7-43b5-a554-dd16abf9f70f}}*_ _*{{field:fd85d4f9-bca0-4321-9a6b-dee2abc0b0dc}}*__*, you were born*_ _*{{field:bf32c287-f7db-4237-9683-6e1ee89ceeb0}}*__*. You weighed*_ _*{{field:2e3df6b7-0775-4be4-9816-4474e5328053}}*__* and were so*_ _*{{field:484fed65-9971-4a65-830c-660e98dfb88a}}*__* and*_ _*{{field:62a84cf5-2931-4cc6-9793-bc98eabd3a59}}*__*.'*_",
            "ref": "8676cc09-1a0e-4c20-bffa-571308a5230c",
            "properties": {
              "randomize": false,
              "allow_multiple_selection": false,
              "allow_other_choice": false,
              "vertical_alignment": true,
              "choices": [
                {
                  "id": "qfWaHp1RQegk",
                  "ref": "230373a5-9761-42ca-9501-d9cc9a90378c",
                  "label": "That’s right"
                },
                {
                  "id": "YIA4WXWtrLSY",
                  "ref": "135a2ab9-815b-4044-9459-86d48deceae1",
                  "label": "I’d like to correct something"
                }
              ]
            },
            "validations": {
              "required": true
            },
            "type": "multiple_choice"
          },
          {
            "id": "Wl6Wnzqdeug2",
            "title": "The text is going to read\n_*'And then at  on the*_ _*{{field:c32cdce8-e5ec-4c20-8328-a3bad4d19ecc}}*__* of*_ _*{{field:b5612c59-58b7-43b5-a554-dd16abf9f70f}}*_ _*{{field:fd85d4f9-bca0-4321-9a6b-dee2abc0b0dc}}*__* you and your twin*_ _*{{field:c134fcde-7160-40fb-94d4-1e65add83fac}}*__* came into this world. You were born at*_ _*{{field:2a59e658-718d-4f75-a78c-4ae605dbb8f7}}*_ _*{{field:bf32c287-f7db-4237-9683-6e1ee89ceeb0}}*__*. You weighed*_ _*{{field:2e3df6b7-0775-4be4-9816-4474e5328053}}*__* and were so*_ _*{{field:484fed65-9971-4a65-830c-660e98dfb88a}}*__* and*_ _*{{field:62a84cf5-2931-4cc6-9793-bc98eabd3a59}}*__*.'*_",
            "ref": "e4e768e2-77e1-4c1a-b868-63f9a02cb2a2",
            "properties": {
              "randomize": false,
              "allow_multiple_selection": false,
              "allow_other_choice": false,
              "vertical_alignment": true,
              "choices": [
                {
                  "id": "DNjRJtAp5Ivz",
                  "ref": "141817cb-3ed3-43bd-a307-c883f5089b87",
                  "label": "That’s right"
                },
                {
                  "id": "WpPTpu5QlNqF",
                  "ref": "d5fbd48d-7ffe-4919-8016-d3b6b9eb58cb",
                  "label": "I’d like to correct something"
                }
              ]
            },
            "validations": {
              "required": true
            },
            "type": "multiple_choice"
          },
          {
            "id": "1aOXZyBx5zN9",
            "title": "The text is going to read\n_*'And then on a happy day in*_ _*{{field:0a5ccbde-9b44-4bff-bc02-db763856a012}}*__*, you were born*_ _*{{field:c073e13a-2525-4694-b4d8-40d391c3db57}}*__*. You weighed*_ _*{{field:2e3df6b7-0775-4be4-9816-4474e5328053}}*__* and were so*_ _*{{field:484fed65-9971-4a65-830c-660e98dfb88a}}*__* and*_ _*{{field:62a84cf5-2931-4cc6-9793-bc98eabd3a59}}*__*.'*_",
            "ref": "70c7c41d-379d-4446-bd53-96b1b07edf14",
            "properties": {
              "randomize": false,
              "allow_multiple_selection": false,
              "allow_other_choice": false,
              "vertical_alignment": true,
              "choices": [
                {
                  "id": "7bmhd9x6VVYl",
                  "ref": "ee09295e-690c-4b3f-9782-799ddc1dbd22",
                  "label": "That’s right"
                },
                {
                  "id": "kjFLolxcZOtx",
                  "ref": "4b0155ee-5b0d-44b4-81c3-d1650d6827ff",
                  "label": "I’d like to correct something"
                }
              ]
            },
            "validations": {
              "required": true
            },
            "type": "multiple_choice"
          },
          {
            "id": "nxuVDXkouupj",
            "title": "The text is going to read\n_*'And then on a happy day in*_ _*{{field:0a5ccbde-9b44-4bff-bc02-db763856a012}}*__*, you and your twin*_ {{field:c134fcde-7160-40fb-94d4-1e65add83fac}}_* were born*_ _*{{field:c073e13a-2525-4694-b4d8-40d391c3db57}}*__*. You weighed*_ _*{{field:2e3df6b7-0775-4be4-9816-4474e5328053}}*__* and were so*_ _*{{field:484fed65-9971-4a65-830c-660e98dfb88a}}*__* and*_ _*{{field:62a84cf5-2931-4cc6-9793-bc98eabd3a59}}*__*.'*_",
            "ref": "20330894-90ad-4b6d-8777-3c1acac2db5e",
            "properties": {
              "randomize": false,
              "allow_multiple_selection": false,
              "allow_other_choice": false,
              "vertical_alignment": true,
              "choices": [
                {
                  "id": "VouWoWqzHcuS",
                  "ref": "9fdc7496-d814-4159-8a7a-8781676fc024",
                  "label": "That’s right"
                },
                {
                  "id": "iZKsjv28T42A",
                  "ref": "e8568420-9fcd-4cf8-97c0-45d7392a9e80",
                  "label": "I’d like to correct something"
                }
              ]
            },
            "validations": {
              "required": true
            },
            "type": "multiple_choice"
          },
          {
            "id": "9xfobdlC1sCG",
            "title": "Please upload a photo of {{hidden:child}} just after they were born",
            "ref": "604dea83-cba7-458b-a8e7-f8f6fbba8a1d",
            "properties": {},
            "validations": {
              "required": true
            },
            "type": "file_upload"
          },
          {
            "id": "dehT979efjXl",
            "title": "Why did you call your child {{hidden:child}}? ",
            "ref": "1e6c33b6-1c3c-495b-bafb-cb5ee594e7ac",
            "properties": {
              "randomize": false,
              "allow_multiple_selection": false,
              "allow_other_choice": false,
              "vertical_alignment": true,
              "choices": [
                {
                  "id": "kkqQvTscTyiQ",
                  "ref": "a215cf8d-7008-45ff-89c7-d4e0f5d3d72e",
                  "label": "because you thought it was a great name"
                },
                {
                  "id": "1AscQHcG6HOi",
                  "ref": "cc88b0b7-10aa-46f2-8adf-82befd26751a",
                  "label": "because you thought it was a beautiful name"
                },
                {
                  "id": "OkTWQQfqvywj",
                  "ref": "9ceb9aa7-3c3b-4e91-9ea4-0814d794206b",
                  "label": "you called your child after somebody"
                },
                {
                  "id": "M2XrWgWR7t4n",
                  "ref": "ab5d9fd9-4ef4-4f18-ae5b-cc6659b4710f",
                  "label": "because of its meaning"
                }
              ]
            },
            "validations": {
              "required": true
            },
            "type": "multiple_choice"
          },
          {
            "id": "FbO9eNvG3c0t",
            "title": "The text is going to read\n_*'We were so happy you were finally with us.*_ {{field:899e2d91-75da-429e-a686-994df8035b65}}_* called you*_ _*{{hidden:child}}*__*, because we thought it was a great name.'*_",
            "ref": "22157e89-f909-421e-8f3d-dfd4cfc87f0c",
            "properties": {
              "randomize": false,
              "allow_multiple_selection": false,
              "allow_other_choice": false,
              "vertical_alignment": true,
              "choices": [
                {
                  "id": "mTIXxRng5Ulc",
                  "ref": "5aeb5add-a561-4f00-a65d-3c90ff4bb3a2",
                  "label": "Sounds good"
                },
                {
                  "id": "0yI4lupmGz8l",
                  "ref": "95fed478-38c3-4fcd-9fa3-1fbac440f15c",
                  "label": "I would like to change some details or try the other version"
                }
              ]
            },
            "validations": {
              "required": true
            },
            "type": "multiple_choice"
          },
          {
            "id": "g9DAjjBY9yCC",
            "title": "The text is going to read\n_*'We were so happy you were finally with us.*_ {{field:899e2d91-75da-429e-a686-994df8035b65}}_* called you*_ _*{{hidden:child}}*__*, because we thought it was a beautiful name.'*_",
            "ref": "951914af-6f14-4f41-a793-0712f697c915",
            "properties": {
              "randomize": false,
              "allow_multiple_selection": false,
              "allow_other_choice": false,
              "vertical_alignment": true,
              "choices": [
                {
                  "id": "ekpGDEZxmojU",
                  "ref": "f845c846-af5c-4a21-9f91-597f89a8a546",
                  "label": "That’s right"
                },
                {
                  "id": "MEGIxBJuPu2U",
                  "ref": "a354aa66-cd35-4b6b-96eb-9f956cb8d446",
                  "label": "I would like to change some details or try the other version"
                }
              ]
            },
            "validations": {
              "required": true
            },
            "type": "multiple_choice"
          },
          {
            "id": "1nQQZwqxQ8N3",
            "title": "Who was your child named after? ",
            "ref": "73d855a6-b9c9-4623-9ff6-3fc11b39dcfa",
            "properties": {
              "description": "Please finish the sentence \n_*'We called you*_ _*{{hidden:child}}*__* after ... .'*_ \n\nFor example: 'your uncle Ernest', or 'after a favourite character in a film'"
            },
            "validations": {
              "required": true
            },
            "type": "short_text"
          },
          {
            "id": "9aaNHqAdBGMU",
            "title": "The text is going to read\n_*'We were so happy you were finally with us. We called you*_ _*{{hidden:child}}*__*, after*_ _*{{field:73d855a6-b9c9-4623-9ff6-3fc11b39dcfa}}*__*.'*_",
            "ref": "26b52e88-5bef-4db5-8924-184e4f195e22",
            "properties": {
              "randomize": false,
              "allow_multiple_selection": false,
              "allow_other_choice": false,
              "vertical_alignment": true,
              "choices": [
                {
                  "id": "zcEryQa3Vh32",
                  "ref": "433c2f94-0759-4d98-9b99-983b449dd950",
                  "label": "That’s right"
                },
                {
                  "id": "8v8yZW4JwotA",
                  "ref": "29141339-6f1f-4710-96cb-189662262976",
                  "label": "I would like to change some details or try the other version"
                }
              ]
            },
            "validations": {
              "required": true
            },
            "type": "multiple_choice"
          },
          {
            "id": "qO7Su4mVYkbO",
            "title": "What is the meaning of the name {{hidden:child}}? ",
            "ref": "458fd690-fe67-4f0f-8145-f03105694f48",
            "properties": {
              "description": "Please finish the sentence\n_*'We called you*_ _*{{hidden:child}}*__*, because it means ... .'*_ \n\nFor example: 'wise', or 'lucky'"
            },
            "validations": {
              "required": true
            },
            "type": "short_text"
          },
          {
            "id": "VwuvpqrScQ2Q",
            "title": "The text in the book is going to read\n_*'We were so happy you were finally with us.*_ {{field:899e2d91-75da-429e-a686-994df8035b65}}_* called you*_ _*{{hidden:child}}*__* because it means*_ _*{{field:458fd690-fe67-4f0f-8145-f03105694f48}}*__*.'*_",
            "ref": "45074e48-fb07-4ae5-b960-832ffd0d1224",
            "properties": {
              "randomize": false,
              "allow_multiple_selection": false,
              "allow_other_choice": false,
              "vertical_alignment": true,
              "choices": [
                {
                  "id": "i1DfmCnwHQdV",
                  "ref": "80b39e10-0baa-4bdf-b1f1-b91f42bf280b",
                  "label": "Sounds good"
                },
                {
                  "id": "4pCV1GMAObiv",
                  "ref": "44f7196a-32bd-4360-9df6-1deebbb7794f",
                  "label": "I would like to change some details or try the other version"
                }
              ]
            },
            "validations": {
              "required": true
            },
            "type": "multiple_choice"
          },
          {
            "id": "5jTfVX9JzmWZ",
            "title": "Please upload a photo of {{hidden:child}} as a young baby",
            "ref": "55f26b79-8f97-4ded-8b8a-801498832d1a",
            "properties": {
              "description": "This could be with the immediate family"
            },
            "validations": {
              "required": true
            },
            "type": "file_upload"
          }
        ]
      },
      "type": "group"
    },
    {
      "id": "hfyF96mXSExn",
      "title": "Specialist care",
      "ref": "d8ec9dc8-0681-4442-936b-f2192208c27d",
      "properties": {
        "button_text": "Continue",
        "show_button": true,
        "fields": [
          {
            "id": "wSC5OpO8zGjB",
            "title": "Did you child need specialist medical care in hospital after they were born, and if so, would you like to include it? ",
            "ref": "5165c85f-2eca-4e43-83be-03813763f39d",
            "properties": {},
            "validations": {
              "required": true
            },
            "type": "yes_no"
          },
          {
            "id": "uftdKBNQwfSD",
            "title": "Was this because {{hidden:child}} was born prematurely?",
            "ref": "4fd9c5b2-6704-4cd3-83d9-917944f60890",
            "properties": {},
            "validations": {
              "required": true
            },
            "type": "yes_no"
          },
          {
            "id": "fFyfSTftKjQx",
            "title": "Please upload a photo of {{hidden:child}} as a newborn\n",
            "ref": "fbbc46ca-f287-4cf1-b464-ab460e96a45f",
            "properties": {
              "description": "This could be in NICU or with doctors and nurses\n\nThe text is going to read\n_*'You were born early, which is why you were quite small and needed some help from the doctors in the hospital. But with their help and care, you got bigger and stronger until we could finally take you home.'*_"
            },
            "validations": {
              "required": true
            },
            "type": "file_upload"
          },
          {
            "id": "6aiYO6y0c0bJ",
            "title": "Please upload a photo of {{hidden:child}} as a newborn",
            "ref": "7c25d782-9081-4e00-8195-772c4a3cde56",
            "properties": {
              "description": "This could be in NICU or with doctors and nurses\n\nThe text is going to read\n_*'When you were born, you weren't very well and needed some help from the doctors in the hospital. But with their help and care, you got better and stronger, until we could finally take you home.'*_"
            },
            "validations": {
              "required": true
            },
            "type": "file_upload"
          }
        ]
      },
      "type": "group"
    },
    {
      "id": "Dq54k1G2E42a",
      "title": "God and guiding parent chapter",
      "ref": "9a1fbcdf-ad43-40ae-b8e6-d33781721e6d",
      "properties": {
        "button_text": "Continue",
        "show_button": true,
        "fields": [
          {
            "id": "QG2ItRP6Yjbl",
            "title": "Did you choose god or guiding parents?",
            "ref": "894737a7-b72d-40f4-855f-b27fecc6107e",
            "properties": {},
            "validations": {
              "required": true
            },
            "type": "yes_no"
          },
          {
            "id": "AORYHH2Kzy9Y",
            "title": "Who did you choose as godparents?",
            "ref": "8a253498-0202-47e3-8e5a-92c0a9b524ed",
            "properties": {
              "description": "For example: 'Michael and Faghma', 'Auntie Lilly and Uncle Ivan', 'Auntie Kay' or 'Fernando'"
            },
            "validations": {
              "required": true
            },
            "type": "short_text"
          },
          {
            "id": "t2gPp3UFitdD",
            "title": "How would you refer to them?",
            "ref": "46698a09-e9c1-499b-ae7a-2dbcf80193f9",
            "properties": {
              "description": "Please complete the sentence\n_*'We chose...'*_",
              "randomize": false,
              "allow_multiple_selection": false,
              "allow_other_choice": false,
              "vertical_alignment": true,
              "choices": [
                {
                  "id": "XOJ4zQ1fBcfS",
                  "ref": "70db07e7-ea16-44d6-8c51-fd77c7f69780",
                  "label": "her as your godmother because we think she is great and wanted her to be in your life"
                },
                {
                  "id": "5MHhzZfAmJtt",
                  "ref": "a31a41f1-9d7f-4208-a0f0-c3625c7a1f04",
                  "label": "him as your godfather because we think he is great and wanted him to be in your life"
                },
                {
                  "id": "kSgczYVOQXIQ",
                  "ref": "9640c87a-f894-4a1d-b2bc-6f25bd13b0e1",
                  "label": "them as godparents, because we really like them and wanted them to be in your life"
                },
                {
                  "id": "nY1152NXdU3c",
                  "ref": "953174ad-cf4d-473d-8a52-8d28964a2348",
                  "label": "her as your guiding mother because we think she is great and wanted her to be in your life"
                },
                {
                  "id": "pYGyKe2BNReT",
                  "ref": "64ed38f0-9960-4eab-8a63-3ea8a82538cf",
                  "label": "him as your  guiding father because we think he is great and wanted him to be in your life"
                },
                {
                  "id": "MARUne1SvbKD",
                  "ref": "a0b7d35f-40ed-432a-b4df-9934c751d096",
                  "label": "them as guiding parents, because we really like them and wanted them to be in your life"
                }
              ]
            },
            "validations": {
              "required": true
            },
            "type": "multiple_choice"
          },
          {
            "id": "i9Gg8d2I8m4u",
            "title": "The text is going to read\n_*'Here you can see*_ _*{{field:8a253498-0202-47e3-8e5a-92c0a9b524ed}}*__*. We chose*_ _*{{field:46698a09-e9c1-499b-ae7a-2dbcf80193f9}}*__*.*_",
            "ref": "6e46e3e9-f07d-4f0d-b4f1-504068ab448e",
            "properties": {
              "randomize": false,
              "allow_multiple_selection": false,
              "allow_other_choice": false,
              "vertical_alignment": true,
              "choices": [
                {
                  "id": "w5UKGVrP5jbb",
                  "ref": "e8602c6e-aed4-4cc9-a427-568f361b6d36",
                  "label": "That's right"
                },
                {
                  "id": "AxHuigX4UHkq",
                  "ref": "3bba869a-7391-41d9-9e41-abac349ae6cc",
                  "label": "I'd like to correct something"
                }
              ]
            },
            "validations": {
              "required": true
            },
            "type": "multiple_choice"
          },
          {
            "id": "ucYyRzrWH37p",
            "title": "Please upload a photo of {{field:8a253498-0202-47e3-8e5a-92c0a9b524ed}}",
            "ref": "0ca8991d-9000-4695-85a3-a1eef8f38ca1",
            "properties": {},
            "validations": {
              "required": true
            },
            "type": "file_upload"
          },
          {
            "id": "8qu6nQd3ADJJ",
            "title": "Would you like to upload another photo of the god or guiding parents?",
            "ref": "a0c42d34-5057-4e46-b433-d1d19646fb36",
            "properties": {},
            "validations": {
              "required": true
            },
            "type": "yes_no"
          },
          {
            "id": "dVWGgjur4oy1",
            "title": "Please upload the photo here",
            "ref": "9f2408b5-a91f-449c-b728-425c9c937264",
            "properties": {},
            "validations": {
              "required": true
            },
            "type": "file_upload"
          }
        ]
      },
      "type": "group"
    },
    {
      "id": "qJE1uNE6UHEU",
      "title": "{{hidden:child}} at one year",
      "ref": "7ab04d1c-7aca-4e5e-80c9-d44aae626736",
      "properties": {
        "button_text": "Continue",
        "show_button": true,
        "fields": [
          {
            "id": "qPAQAc3V8VXC",
            "title": "What did {{hidden:child}} like at around one year of age?",
            "ref": "42cdc138-1aae-4e94-8f39-706be7b74d03",
            "properties": {
              "description": "Please complete the sentence\n_*'You really loved ... '*_\n\nFor example: 'cuddles', 'bananas', 'Teddy', 'playing with cardboard boxes', 'your dummy'"
            },
            "validations": {
              "required": true
            },
            "type": "short_text"
          },
          {
            "id": "ealWBAyejtM4",
            "title": "The text is going to read\n_*'This is you, when you were one year old. You really loved*_ _*{{field:42cdc138-1aae-4e94-8f39-706be7b74d03}}*__*.'*_",
            "ref": "d4beba94-fca3-4d35-ad21-8b5772252761",
            "properties": {
              "randomize": false,
              "allow_multiple_selection": false,
              "allow_other_choice": false,
              "vertical_alignment": true,
              "choices": [
                {
                  "id": "zJNMhkiTALAe",
                  "ref": "f383717a-2605-42a9-adaf-c871b523eb22",
                  "label": "That’s right"
                },
                {
                  "id": "87ok0snJcNkl",
                  "ref": "4d26c9c4-5f29-45e7-bd97-8896ce3e102f",
                  "label": "I’d like to correct something"
                }
              ]
            },
            "validations": {
              "required": true
            },
            "type": "multiple_choice"
          },
          {
            "id": "GVKokHErUsBr",
            "title": "Please upload an image of {{hidden:child}} around one year of age ",
            "ref": "4fb3193a-c96e-4760-aa87-17b86f28675d",
            "properties": {
              "description": "For example on their first birthday celebration"
            },
            "validations": {
              "required": true
            },
            "type": "file_upload"
          }
        ]
      },
      "type": "group"
    },
    {
      "id": "A1nHlTXUdVWb",
      "title": "That's the end of this chapter. Would you like to check once more?",
      "ref": "18816f9e-36fc-4435-8b0d-87ef912b9349",
      "properties": {
        "button_text": "Continue",
        "hide_marks": false
      },
      "type": "statement"
    }
  ],
  "hidden": [
    "respondent",
    "partner",
    "child"
  ],
  "logic": [
    {
      "type": "field",
      "ref": "1e6c33b6-1c3c-495b-bafb-cb5ee594e7ac",
      "actions": [
        {
          "action": "jump",
          "details": {
            "to": {
              "type": "field",
              "value": "22157e89-f909-421e-8f3d-dfd4cfc87f0c"
            }
          },
          "condition": {
            "op": "is",
            "vars": [
              {
                "type": "field",
                "value": "1e6c33b6-1c3c-495b-bafb-cb5ee594e7ac"
              },
              {
                "type": "choice",
                "value": "a215cf8d-7008-45ff-89c7-d4e0f5d3d72e"
              }
            ]
          }
        },
        {
          "action": "jump",
          "details": {
            "to": {
              "type": "field",
              "value": "951914af-6f14-4f41-a793-0712f697c915"
            }
          },
          "condition": {
            "op": "is",
            "vars": [
              {
                "type": "field",
                "value": "1e6c33b6-1c3c-495b-bafb-cb5ee594e7ac"
              },
              {
                "type": "choice",
                "value": "cc88b0b7-10aa-46f2-8adf-82befd26751a"
              }
            ]
          }
        },
        {
          "action": "jump",
          "details": {
            "to": {
              "type": "field",
              "value": "73d855a6-b9c9-4623-9ff6-3fc11b39dcfa"
            }
          },
          "condition": {
            "op": "is",
            "vars": [
              {
                "type": "field",
                "value": "1e6c33b6-1c3c-495b-bafb-cb5ee594e7ac"
              },
              {
                "type": "choice",
                "value": "9ceb9aa7-3c3b-4e91-9ea4-0814d794206b"
              }
            ]
          }
        },
        {
          "action": "jump",
          "details": {
            "to": {
              "type": "field",
              "value": "458fd690-fe67-4f0f-8145-f03105694f48"
            }
          },
          "condition": {
            "op": "is",
            "vars": [
              {
                "type": "field",
                "value": "1e6c33b6-1c3c-495b-bafb-cb5ee594e7ac"
              },
              {
                "type": "choice",
                "value": "ab5d9fd9-4ef4-4f18-ae5b-cc6659b4710f"
              }
            ]
          }
        }
      ]
    },
    {
      "type": "field",
      "ref": "22157e89-f909-421e-8f3d-dfd4cfc87f0c",
      "actions": [
        {
          "action": "jump",
          "details": {
            "to": {
              "type": "field",
              "value": "55f26b79-8f97-4ded-8b8a-801498832d1a"
            }
          },
          "condition": {
            "op": "is",
            "vars": [
              {
                "type": "field",
                "value": "22157e89-f909-421e-8f3d-dfd4cfc87f0c"
              },
              {
                "type": "choice",
                "value": "5aeb5add-a561-4f00-a65d-3c90ff4bb3a2"
              }
            ]
          }
        },
        {
          "action": "jump",
          "details": {
            "to": {
              "type": "field",
              "value": "1e6c33b6-1c3c-495b-bafb-cb5ee594e7ac"
            }
          },
          "condition": {
            "op": "always",
            "vars": []
          }
        }
      ]
    },
    {
      "type": "field",
      "ref": "45074e48-fb07-4ae5-b960-832ffd0d1224",
      "actions": [
        {
          "action": "jump",
          "details": {
            "to": {
              "type": "field",
              "value": "55f26b79-8f97-4ded-8b8a-801498832d1a"
            }
          },
          "condition": {
            "op": "is",
            "vars": [
              {
                "type": "field",
                "value": "45074e48-fb07-4ae5-b960-832ffd0d1224"
              },
              {
                "type": "choice",
                "value": "80b39e10-0baa-4bdf-b1f1-b91f42bf280b"
              }
            ]
          }
        },
        {
          "action": "jump",
          "details": {
            "to": {
              "type": "field",
              "value": "1e6c33b6-1c3c-495b-bafb-cb5ee594e7ac"
            }
          },
          "condition": {
            "op": "always",
            "vars": []
          }
        }
      ]
    },
    {
      "type": "field",
      "ref": "26b52e88-5bef-4db5-8924-184e4f195e22",
      "actions": [
        {
          "action": "jump",
          "details": {
            "to": {
              "type": "field",
              "value": "55f26b79-8f97-4ded-8b8a-801498832d1a"
            }
          },
          "condition": {
            "op": "is",
            "vars": [
              {
                "type": "field",
                "value": "26b52e88-5bef-4db5-8924-184e4f195e22"
              },
              {
                "type": "choice",
                "value": "433c2f94-0759-4d98-9b99-983b449dd950"
              }
            ]
          }
        },
        {
          "action": "jump",
          "details": {
            "to": {
              "type": "field",
              "value": "1e6c33b6-1c3c-495b-bafb-cb5ee594e7ac"
            }
          },
          "condition": {
            "op": "always",
            "vars": []
          }
        }
      ]
    },
    {
      "type": "field",
      "ref": "951914af-6f14-4f41-a793-0712f697c915",
      "actions": [
        {
          "action": "jump",
          "details": {
            "to": {
              "type": "field",
              "value": "55f26b79-8f97-4ded-8b8a-801498832d1a"
            }
          },
          "condition": {
            "op": "is",
            "vars": [
              {
                "type": "field",
                "value": "951914af-6f14-4f41-a793-0712f697c915"
              },
              {
                "type": "choice",
                "value": "f845c846-af5c-4a21-9f91-597f89a8a546"
              }
            ]
          }
        },
        {
          "action": "jump",
          "details": {
            "to": {
              "type": "field",
              "value": "1e6c33b6-1c3c-495b-bafb-cb5ee594e7ac"
            }
          },
          "condition": {
            "op": "always",
            "vars": []
          }
        }
      ]
    },
    {
      "type": "field",
      "ref": "98fea6cd-41c3-4271-a7b1-add66b0d954e",
      "actions": [
        {
          "action": "jump",
          "details": {
            "to": {
              "type": "field",
              "value": "2a59e658-718d-4f75-a78c-4ae605dbb8f7"
            }
          },
          "condition": {
            "op": "is",
            "vars": [
              {
                "type": "field",
                "value": "98fea6cd-41c3-4271-a7b1-add66b0d954e"
              },
              {
                "type": "constant",
                "value": true
              }
            ]
          }
        },
        {
          "action": "jump",
          "details": {
            "to": {
              "type": "field",
              "value": "0a5ccbde-9b44-4bff-bc02-db763856a012"
            }
          },
          "condition": {
            "op": "is",
            "vars": [
              {
                "type": "field",
                "value": "98fea6cd-41c3-4271-a7b1-add66b0d954e"
              },
              {
                "type": "constant",
                "value": false
              }
            ]
          }
        }
      ]
    },
    {
      "type": "field",
      "ref": "8676cc09-1a0e-4c20-bffa-571308a5230c",
      "actions": [
        {
          "action": "jump",
          "details": {
            "to": {
              "type": "field",
              "value": "604dea83-cba7-458b-a8e7-f8f6fbba8a1d"
            }
          },
          "condition": {
            "op": "is",
            "vars": [
              {
                "type": "field",
                "value": "8676cc09-1a0e-4c20-bffa-571308a5230c"
              },
              {
                "type": "choice",
                "value": "230373a5-9761-42ca-9501-d9cc9a90378c"
              }
            ]
          }
        },
        {
          "action": "jump",
          "details": {
            "to": {
              "type": "field",
              "value": "98fea6cd-41c3-4271-a7b1-add66b0d954e"
            }
          },
          "condition": {
            "op": "always",
            "vars": []
          }
        }
      ]
    },
    {
      "type": "field",
      "ref": "70c7c41d-379d-4446-bd53-96b1b07edf14",
      "actions": [
        {
          "action": "jump",
          "details": {
            "to": {
              "type": "field",
              "value": "604dea83-cba7-458b-a8e7-f8f6fbba8a1d"
            }
          },
          "condition": {
            "op": "is",
            "vars": [
              {
                "type": "field",
                "value": "70c7c41d-379d-4446-bd53-96b1b07edf14"
              },
              {
                "type": "choice",
                "value": "ee09295e-690c-4b3f-9782-799ddc1dbd22"
              }
            ]
          }
        },
        {
          "action": "jump",
          "details": {
            "to": {
              "type": "field",
              "value": "98fea6cd-41c3-4271-a7b1-add66b0d954e"
            }
          },
          "condition": {
            "op": "always",
            "vars": []
          }
        }
      ]
    },
    {
      "type": "field",
      "ref": "5165c85f-2eca-4e43-83be-03813763f39d",
      "actions": [
        {
          "action": "jump",
          "details": {
            "to": {
              "type": "field",
              "value": "4fd9c5b2-6704-4cd3-83d9-917944f60890"
            }
          },
          "condition": {
            "op": "is",
            "vars": [
              {
                "type": "field",
                "value": "5165c85f-2eca-4e43-83be-03813763f39d"
              },
              {
                "type": "constant",
                "value": true
              }
            ]
          }
        },
        {
          "action": "jump",
          "details": {
            "to": {
              "type": "field",
              "value": "894737a7-b72d-40f4-855f-b27fecc6107e"
            }
          },
          "condition": {
            "op": "always",
            "vars": []
          }
        }
      ]
    },
    {
      "type": "field",
      "ref": "4fd9c5b2-6704-4cd3-83d9-917944f60890",
      "actions": [
        {
          "action": "jump",
          "details": {
            "to": {
              "type": "field",
              "value": "fbbc46ca-f287-4cf1-b464-ab460e96a45f"
            }
          },
          "condition": {
            "op": "is",
            "vars": [
              {
                "type": "field",
                "value": "4fd9c5b2-6704-4cd3-83d9-917944f60890"
              },
              {
                "type": "constant",
                "value": true
              }
            ]
          }
        },
        {
          "action": "jump",
          "details": {
            "to": {
              "type": "field",
              "value": "7c25d782-9081-4e00-8195-772c4a3cde56"
            }
          },
          "condition": {
            "op": "always",
            "vars": []
          }
        }
      ]
    },
    {
      "type": "field",
      "ref": "a0c42d34-5057-4e46-b433-d1d19646fb36",
      "actions": [
        {
          "action": "jump",
          "details": {
            "to": {
              "type": "field",
              "value": "9f2408b5-a91f-449c-b728-425c9c937264"
            }
          },
          "condition": {
            "op": "is",
            "vars": [
              {
                "type": "field",
                "value": "a0c42d34-5057-4e46-b433-d1d19646fb36"
              },
              {
                "type": "constant",
                "value": true
              }
            ]
          }
        },
        {
          "action": "jump",
          "details": {
            "to": {
              "type": "field",
              "value": "42cdc138-1aae-4e94-8f39-706be7b74d03"
            }
          },
          "condition": {
            "op": "always",
            "vars": []
          }
        }
      ]
    },
    {
      "type": "field",
      "ref": "894737a7-b72d-40f4-855f-b27fecc6107e",
      "actions": [
        {
          "action": "jump",
          "details": {
            "to": {
              "type": "field",
              "value": "8a253498-0202-47e3-8e5a-92c0a9b524ed"
            }
          },
          "condition": {
            "op": "is",
            "vars": [
              {
                "type": "field",
                "value": "894737a7-b72d-40f4-855f-b27fecc6107e"
              },
              {
                "type": "constant",
                "value": true
              }
            ]
          }
        },
        {
          "action": "jump",
          "details": {
            "to": {
              "type": "field",
              "value": "42cdc138-1aae-4e94-8f39-706be7b74d03"
            }
          },
          "condition": {
            "op": "always",
            "vars": []
          }
        }
      ]
    },
    {
      "type": "field",
      "ref": "e4e768e2-77e1-4c1a-b868-63f9a02cb2a2",
      "actions": [
        {
          "action": "jump",
          "details": {
            "to": {
              "type": "field",
              "value": "604dea83-cba7-458b-a8e7-f8f6fbba8a1d"
            }
          },
          "condition": {
            "op": "is",
            "vars": [
              {
                "type": "field",
                "value": "e4e768e2-77e1-4c1a-b868-63f9a02cb2a2"
              },
              {
                "type": "choice",
                "value": "141817cb-3ed3-43bd-a307-c883f5089b87"
              }
            ]
          }
        },
        {
          "action": "jump",
          "details": {
            "to": {
              "type": "field",
              "value": "98fea6cd-41c3-4271-a7b1-add66b0d954e"
            }
          },
          "condition": {
            "op": "always",
            "vars": []
          }
        }
      ]
    },
    {
      "type": "field",
      "ref": "43fe7530-3e9f-4dd8-a2af-83a959f00a70",
      "actions": [
        {
          "action": "jump",
          "details": {
            "to": {
              "type": "field",
              "value": "c134fcde-7160-40fb-94d4-1e65add83fac"
            }
          },
          "condition": {
            "op": "is",
            "vars": [
              {
                "type": "field",
                "value": "43fe7530-3e9f-4dd8-a2af-83a959f00a70"
              },
              {
                "type": "constant",
                "value": true
              }
            ]
          }
        },
        {
          "action": "jump",
          "details": {
            "to": {
              "type": "field",
              "value": "98fea6cd-41c3-4271-a7b1-add66b0d954e"
            }
          },
          "condition": {
            "op": "always",
            "vars": []
          }
        }
      ]
    },
    {
      "type": "field",
      "ref": "20330894-90ad-4b6d-8777-3c1acac2db5e",
      "actions": [
        {
          "action": "jump",
          "details": {
            "to": {
              "type": "field",
              "value": "604dea83-cba7-458b-a8e7-f8f6fbba8a1d"
            }
          },
          "condition": {
            "op": "is",
            "vars": [
              {
                "type": "field",
                "value": "20330894-90ad-4b6d-8777-3c1acac2db5e"
              },
              {
                "type": "choice",
                "value": "9fdc7496-d814-4159-8a7a-8781676fc024"
              }
            ]
          }
        },
        {
          "action": "jump",
          "details": {
            "to": {
              "type": "field",
              "value": "98fea6cd-41c3-4271-a7b1-add66b0d954e"
            }
          },
          "condition": {
            "op": "always",
            "vars": []
          }
        }
      ]
    },
    {
      "type": "field",
      "ref": "6e46e3e9-f07d-4f0d-b4f1-504068ab448e",
      "actions": [
        {
          "action": "jump",
          "details": {
            "to": {
              "type": "field",
              "value": "0ca8991d-9000-4695-85a3-a1eef8f38ca1"
            }
          },
          "condition": {
            "op": "is",
            "vars": [
              {
                "type": "field",
                "value": "6e46e3e9-f07d-4f0d-b4f1-504068ab448e"
              },
              {
                "type": "choice",
                "value": "e8602c6e-aed4-4cc9-a427-568f361b6d36"
              }
            ]
          }
        },
        {
          "action": "jump",
          "details": {
            "to": {
              "type": "field",
              "value": "8a253498-0202-47e3-8e5a-92c0a9b524ed"
            }
          },
          "condition": {
            "op": "always",
            "vars": []
          }
        }
      ]
    },
    {
      "type": "field",
      "ref": "62a84cf5-2931-4cc6-9793-bc98eabd3a59",
      "actions": [
        {
          "action": "jump",
          "details": {
            "to": {
              "type": "field",
              "value": "e4e768e2-77e1-4c1a-b868-63f9a02cb2a2"
            }
          },
          "condition": {
            "op": "and",
            "vars": [
              {
                "op": "is",
                "vars": [
                  {
                    "type": "field",
                    "value": "43fe7530-3e9f-4dd8-a2af-83a959f00a70"
                  },
                  {
                    "type": "constant",
                    "value": true
                  }
                ]
              },
              {
                "op": "is",
                "vars": [
                  {
                    "type": "field",
                    "value": "98fea6cd-41c3-4271-a7b1-add66b0d954e"
                  },
                  {
                    "type": "constant",
                    "value": true
                  }
                ]
              }
            ]
          }
        },
        {
          "action": "jump",
          "details": {
            "to": {
              "type": "field",
              "value": "20330894-90ad-4b6d-8777-3c1acac2db5e"
            }
          },
          "condition": {
            "op": "and",
            "vars": [
              {
                "op": "is",
                "vars": [
                  {
                    "type": "field",
                    "value": "43fe7530-3e9f-4dd8-a2af-83a959f00a70"
                  },
                  {
                    "type": "constant",
                    "value": true
                  }
                ]
              },
              {
                "op": "is",
                "vars": [
                  {
                    "type": "field",
                    "value": "98fea6cd-41c3-4271-a7b1-add66b0d954e"
                  },
                  {
                    "type": "constant",
                    "value": false
                  }
                ]
              }
            ]
          }
        },
        {
          "action": "jump",
          "details": {
            "to": {
              "type": "field",
              "value": "8676cc09-1a0e-4c20-bffa-571308a5230c"
            }
          },
          "condition": {
            "op": "and",
            "vars": [
              {
                "op": "is",
                "vars": [
                  {
                    "type": "field",
                    "value": "43fe7530-3e9f-4dd8-a2af-83a959f00a70"
                  },
                  {
                    "type": "constant",
                    "value": false
                  }
                ]
              },
              {
                "op": "is",
                "vars": [
                  {
                    "type": "field",
                    "value": "98fea6cd-41c3-4271-a7b1-add66b0d954e"
                  },
                  {
                    "type": "constant",
                    "value": true
                  }
                ]
              }
            ]
          }
        },
        {
          "action": "jump",
          "details": {
            "to": {
              "type": "field",
              "value": "70c7c41d-379d-4446-bd53-96b1b07edf14"
            }
          },
          "condition": {
            "op": "and",
            "vars": [
              {
                "op": "is",
                "vars": [
                  {
                    "type": "field",
                    "value": "43fe7530-3e9f-4dd8-a2af-83a959f00a70"
                  },
                  {
                    "type": "constant",
                    "value": false
                  }
                ]
              },
              {
                "op": "is",
                "vars": [
                  {
                    "type": "field",
                    "value": "98fea6cd-41c3-4271-a7b1-add66b0d954e"
                  },
                  {
                    "type": "constant",
                    "value": false
                  }
                ]
              }
            ]
          }
        }
      ]
    },
    {
      "type": "field",
      "ref": "9f2408b5-a91f-449c-b728-425c9c937264",
      "actions": [
        {
          "action": "jump",
          "details": {
            "to": {
              "type": "field",
              "value": "42cdc138-1aae-4e94-8f39-706be7b74d03"
            }
          },
          "condition": {
            "op": "always",
            "vars": []
          }
        }
      ]
    },
    {
      "type": "field",
      "ref": "55f26b79-8f97-4ded-8b8a-801498832d1a",
      "actions": [
        {
          "action": "jump",
          "details": {
            "to": {
              "type": "field",
              "value": "5165c85f-2eca-4e43-83be-03813763f39d"
            }
          },
          "condition": {
            "op": "always",
            "vars": []
          }
        }
      ]
    },
    {
      "type": "field",
      "ref": "c134fcde-7160-40fb-94d4-1e65add83fac",
      "actions": [
        {
          "action": "jump",
          "details": {
            "to": {
              "type": "field",
              "value": "98fea6cd-41c3-4271-a7b1-add66b0d954e"
            }
          },
          "condition": {
            "op": "always",
            "vars": []
          }
        }
      ]
    },
    {
      "type": "field",
      "ref": "bf32c287-f7db-4237-9683-6e1ee89ceeb0",
      "actions": [
        {
          "action": "jump",
          "details": {
            "to": {
              "type": "field",
              "value": "2e3df6b7-0775-4be4-9816-4474e5328053"
            }
          },
          "condition": {
            "op": "always",
            "vars": []
          }
        }
      ]
    },
    {
      "type": "field",
      "ref": "fbbc46ca-f287-4cf1-b464-ab460e96a45f",
      "actions": [
        {
          "action": "jump",
          "details": {
            "to": {
              "type": "field",
              "value": "42cdc138-1aae-4e94-8f39-706be7b74d03"
            }
          },
          "condition": {
            "op": "always",
            "vars": []
          }
        }
      ]
    },
    {
      "type": "field",
      "ref": "4fb3193a-c96e-4760-aa87-17b86f28675d",
      "actions": [
        {
          "action": "jump",
          "details": {
            "to": {
              "type": "field",
              "value": "18816f9e-36fc-4435-8b0d-87ef912b9349"
            }
          },
          "condition": {
            "op": "always",
            "vars": []
          }
        }
      ]
    },
    {
      "type": "field",
      "ref": "7c25d782-9081-4e00-8195-772c4a3cde56",
      "actions": [
        {
          "action": "jump",
          "details": {
            "to": {
              "type": "field",
              "value": "894737a7-b72d-40f4-855f-b27fecc6107e"
            }
          },
          "condition": {
            "op": "always",
            "vars": []
          }
        }
      ]
    }
  ],
  "_links": {
    "display": "https://thisstory.typeform.com/to/dBQBi7mh"
  }
}