{
  "id": "L7sLXUr3",
  "type": "form",
  "title": "201204 Chapter 5 2P-CL",
  "workspace": {
    "href": "https://api.typeform.com/workspaces/RLzBQQ"
  },
  "theme": {
    "href": "https://api.typeform.com/themes/PjgB9j"
  },
  "settings": {
    "language": "en",
    "progress_bar": "percentage",
    "meta": {
      "allow_indexing": false
    },
    "hide_navigation": false,
    "is_public": true,
    "is_trial": false,
    "show_progress_bar": true,
    "show_typeform_branding": true,
    "are_uploads_public": false,
    "show_time_to_complete": true,
    "redirect_after_submit_url": "https://thisstory.typeform.com/to/WRvbQ5lV#respondent={{hidden:respondent}}&partner={{hidden:partner}}&child={{hidden:child}}"
  },
  "thankyou_screens": [
    {
      "id": "l9lShSJrgO8s",
      "ref": "09f789ca-1b0e-444e-84fc-822014b06781",
      "title": "Let's move onto the next chapter",
      "properties": {
        "show_button": false,
        "share_icons": false,
        "button_mode": "reload",
        "button_text": "again"
      }
    },
    {
      "id": "DefaultTyScreen",
      "ref": "default_tys",
      "title": "Done! Your information was sent perfectly.",
      "properties": {
        "show_button": false,
        "share_icons": false
      }
    }
  ],
  "welcome_screens": [
    {
      "id": "SsrJInWgqQIY",
      "ref": "52fae959-d053-4cf5-a945-fc31d3200280",
      "title": "Chapter five\n\nThe beginning of your family",
      "properties": {
        "show_button": true,
        "button_text": "Start"
      }
    }
  ],
  "fields": [
    {
      "id": "k4ToZAKGObyN",
      "title": "{{hidden:respondent}}, please remind us what {{hidden:child}} calls you ",
      "ref": "bb45bdeb-f952-4c7c-a682-e69103ca994c",
      "properties": {},
      "validations": {
        "required": true
      },
      "type": "short_text"
    },
    {
      "id": "ioB0t05OFFFE",
      "title": "Please remind us what {{hidden:child}} calls {{hidden:partner}}",
      "ref": "6e03663c-a230-440f-98c5-4cb8885b353d",
      "properties": {},
      "validations": {
        "required": true
      },
      "type": "short_text"
    },
    {
      "id": "haghEqe2ywzf",
      "title": "One more question about {{hidden:partner}}. Did {{hidden:partner}} have any children from previous relationships before you met?",
      "ref": "f1ec585a-c09f-4997-b2d6-d348859fd7f4",
      "properties": {},
      "validations": {
        "required": true
      },
      "type": "yes_no"
    },
    {
      "id": "7yjlprghgfPV",
      "title": "{{hidden:partner}}'s children from previous relationships ",
      "ref": "909ba167-ace6-4227-8a55-4f275e159dcd",
      "properties": {
        "button_text": "Continue",
        "show_button": true,
        "fields": [
          {
            "id": "OffPCaaeUHI8",
            "title": "What is/are {{hidden:partner}}'s child/children called?",
            "ref": "a5f83302-630d-406c-8363-52e843ad43fa",
            "properties": {},
            "validations": {
              "required": true
            },
            "type": "short_text"
          },
          {
            "id": "Mw0cZ4VvS5rt",
            "title": "How would you describe {{hidden:partner}}'s or {{field:6e03663c-a230-440f-98c5-4cb8885b353d}}'s children to {{hidden:child}}",
            "ref": "c31366f5-0a2b-478e-82e9-4d3e830d94ee",
            "properties": {
              "randomize": false,
              "allow_multiple_selection": false,
              "allow_other_choice": false,
              "vertical_alignment": true,
              "choices": [
                {
                  "id": "PyvOvgXhYjNP",
                  "ref": "b7c55de7-9e51-4219-8fad-27079d70bceb",
                  "label": "She is your sister"
                },
                {
                  "id": "RWDQrIiCelTx",
                  "ref": "f3631c64-d7b5-4c02-a1b6-ca6e36d98745",
                  "label": "They are your sisters"
                },
                {
                  "id": "dzmDpn4tEoLA",
                  "ref": "c548e930-a0fd-41b0-aa68-ef183feb3449",
                  "label": "He is your brother"
                },
                {
                  "id": "vsyjzjAASJfT",
                  "ref": "f2494390-a24d-4e94-9eed-c0db460bef97",
                  "label": "They are your brothers"
                },
                {
                  "id": "k8EMde3r1HnK",
                  "ref": "180af3f3-3a29-4e24-93d5-1bac500d5c41",
                  "label": "They are your brothers and sisters"
                },
                {
                  "id": "TuFY8vxKgr4H",
                  "ref": "3481f54c-6670-41b0-a7f6-9b15d61d8d09",
                  "label": "They are your siblings"
                },
                {
                  "id": "IxnLUP8DGctt",
                  "ref": "57ac79b9-c24b-4bd8-86f5-5e900a66ae8e",
                  "label": "She is your half-sister"
                },
                {
                  "id": "jWxHqgOEJsnV",
                  "ref": "afc25893-3e8d-4ecf-9ac4-90fbf2498a9f",
                  "label": "He is your half-brother"
                },
                {
                  "id": "VlQJjTvE4lm0",
                  "ref": "d5e25eab-3ece-4448-bd73-30e397ee6a8f",
                  "label": "They are your half-sisters"
                },
                {
                  "id": "tHnstKyZpvYo",
                  "ref": "a6cb1035-285f-4110-8638-670028fb4d7e",
                  "label": "They are your half-brothers"
                },
                {
                  "id": "ZHbsTDZhIGoA",
                  "ref": "430aad5a-9a66-48fe-b613-e8d384d13f18",
                  "label": "They are your half-brothers and sisters"
                },
                {
                  "id": "shKkWiCstesQ",
                  "ref": "cfdc8deb-c572-48f6-8e09-88eab74cbfbd",
                  "label": "They are your half-siblings"
                }
              ]
            },
            "validations": {
              "required": true
            },
            "type": "multiple_choice"
          },
          {
            "id": "fzHGxc2KCIof",
            "title": "The text is going to read\n_*'Before*_ _*{{field:bb45bdeb-f952-4c7c-a682-e69103ca994c}}*__* met*_ _*{{field:6e03663c-a230-440f-98c5-4cb8885b353d}}*__*,*_ _*{{field:bb45bdeb-f952-4c7c-a682-e69103ca994c}}*__* had*_ _*{{field:a5f83302-630d-406c-8363-52e843ad43fa}}*__*.*_ _*{{field:c31366f5-0a2b-478e-82e9-4d3e830d94ee}}*__*.'*_",
            "ref": "795b1b7d-7989-44c2-bb57-11831d2d98cc",
            "properties": {
              "randomize": false,
              "allow_multiple_selection": false,
              "allow_other_choice": false,
              "vertical_alignment": true,
              "choices": [
                {
                  "id": "OGuLcBJ4HGJv",
                  "ref": "2343edab-bc37-4236-b93f-7b0871cf6329",
                  "label": "That’s right"
                },
                {
                  "id": "jYqFrpuh4tB8",
                  "ref": "4e8d77d5-da6e-4469-8be3-ecf8d6d0b308",
                  "label": "I’d like to correct something"
                }
              ]
            },
            "validations": {
              "required": true
            },
            "type": "multiple_choice"
          },
          {
            "id": "jKv6vIjqoGrA",
            "title": "Please upload a group photo of {{field:a5f83302-630d-406c-8363-52e843ad43fa}} ",
            "ref": "7f6d2965-cbe5-4978-b3fb-1424917c0966",
            "properties": {},
            "validations": {
              "required": true
            },
            "type": "file_upload"
          }
        ]
      },
      "type": "group"
    },
    {
      "id": "qT8o4vvotz1t",
      "title": "Now over to you, {{hidden:respondent}}, did you have any children from previous relationships before you met {{hidden:partner}}?",
      "ref": "8c60002a-cc2b-496a-939c-4b783c9efeb0",
      "properties": {},
      "validations": {
        "required": true
      },
      "type": "yes_no"
    },
    {
      "id": "ECA1364KUlbI",
      "title": "{{hidden:respondent}}'s children from previous relationships ",
      "ref": "0ae674a7-b0b0-411e-b961-0e1e6de2e29a",
      "properties": {
        "button_text": "Continue",
        "show_button": true,
        "fields": [
          {
            "id": "FTDgqBWZO1l4",
            "title": "What is/are your ({{hidden:respondent}}'s) child/children called?",
            "ref": "8eec211b-f195-489f-aeee-5c54e2491ab3",
            "properties": {},
            "validations": {
              "required": true
            },
            "type": "short_text"
          },
          {
            "id": "fAhWNTghyUEm",
            "title": "How would you refer to them to {{hidden:child}}",
            "ref": "344e8b65-0447-441f-b102-dd8a4366ebec",
            "properties": {
              "randomize": false,
              "allow_multiple_selection": false,
              "allow_other_choice": false,
              "vertical_alignment": true,
              "choices": [
                {
                  "id": "RCPVEGfEwKYb",
                  "ref": "7f598597-45ce-40e0-beab-00b30c2d3db8",
                  "label": "She is your sister"
                },
                {
                  "id": "P4WaNKCh8Rpa",
                  "ref": "7ebb7956-214d-4914-8b44-4330c3f1d636",
                  "label": "They are your sisters"
                },
                {
                  "id": "uZpMlXHRO9YO",
                  "ref": "2c826b0f-7314-4c0c-ab0c-62e59fa8336e",
                  "label": "He is your brother"
                },
                {
                  "id": "EGXRASnY8fYI",
                  "ref": "0d531812-bf3c-4df5-9d5d-516f878d0806",
                  "label": "They are your brothers"
                },
                {
                  "id": "8yZyPBXWgnfN",
                  "ref": "92d6ee40-3f35-420f-ae14-6c23c436e8f1",
                  "label": "They are your brothers and sisters"
                },
                {
                  "id": "tuDWhAEC2NfD",
                  "ref": "9a8c4ca1-f2e5-4bd2-814d-a715b900eaf3",
                  "label": "They are your siblings"
                },
                {
                  "id": "yWU8u7xgQ6RV",
                  "ref": "81a838e6-eb3b-4cc2-a0e8-c51c2c5dea38",
                  "label": "She is your half-sister"
                },
                {
                  "id": "20R9wYvoKTLc",
                  "ref": "05ebaafd-e6ae-46cc-be75-900ee1cd1165",
                  "label": "He is your half-brother"
                },
                {
                  "id": "iTs34Scjfr4g",
                  "ref": "fe4dfa07-37bc-46eb-b0ae-b972ccdcfa06",
                  "label": "They are your half-sisters"
                },
                {
                  "id": "YAdR5lIFBtw3",
                  "ref": "0c13a32e-c406-43c3-b523-0bec21fb265e",
                  "label": "They are your half-brothers"
                },
                {
                  "id": "qXrCYZmwIMMW",
                  "ref": "9adbfd7f-f0cc-41f3-9388-e9b764f53fe3",
                  "label": "They are your half-brothers and sisters"
                },
                {
                  "id": "f4DtZwYgFyjg",
                  "ref": "cd2c61fb-fc20-45cf-bb29-a178816816cb",
                  "label": "They are your half-siblings"
                }
              ]
            },
            "validations": {
              "required": true
            },
            "type": "multiple_choice"
          },
          {
            "id": "ST6Tv0i6ANvU",
            "title": "The text is going to read\n_*'Before*_ {{field:bb45bdeb-f952-4c7c-a682-e69103ca994c}}_* met*_ {{field:6e03663c-a230-440f-98c5-4cb8885b353d}}_*,*_ {{field:bb45bdeb-f952-4c7c-a682-e69103ca994c}}_* had*_ {{field:8eec211b-f195-489f-aeee-5c54e2491ab3}}. {{field:344e8b65-0447-441f-b102-dd8a4366ebec}}.'",
            "ref": "7627dc71-8846-4136-a949-64c5f48d2ef6",
            "properties": {
              "randomize": false,
              "allow_multiple_selection": false,
              "allow_other_choice": false,
              "vertical_alignment": true,
              "choices": [
                {
                  "id": "oSiOb0gkb7fU",
                  "ref": "5fc07962-03b6-403b-b29e-98546967af47",
                  "label": "That’s right"
                },
                {
                  "id": "Avmws8pkDkyw",
                  "ref": "58cf7579-31ea-4dfb-b498-5ab7650b87c5",
                  "label": "I’d like to correct something"
                }
              ]
            },
            "validations": {
              "required": true
            },
            "type": "multiple_choice"
          },
          {
            "id": "ZoITI8sQv7X1",
            "title": "Please upload a group photo of {{field:a5f83302-630d-406c-8363-52e843ad43fa}}",
            "ref": "d5112da7-ea30-46cf-87b8-cfd0cfe3bbc2",
            "properties": {},
            "validations": {
              "required": true
            },
            "type": "file_upload"
          }
        ]
      },
      "type": "group"
    },
    {
      "id": "kqqMpR56PUit",
      "title": "How you met",
      "ref": "c32d57a3-d678-4cd9-9de2-f6d156eefbc6",
      "properties": {
        "button_text": "Continue",
        "show_button": true,
        "fields": [
          {
            "id": "Sz7zvxYyJIIR",
            "title": "Moving onto you and {{hidden:partner}} as couple. How did you meet?",
            "ref": "f83a38df-468d-41de-bccb-c342bfb8b9db",
            "properties": {
              "description": "Please complete the sentence \n_*'*__*{{field:bb45bdeb-f952-4c7c-a682-e69103ca994c}}*__* and*_  _*{{field:6e03663c-a230-440f-98c5-4cb8885b353d}}*__* met  ...'*_ \n\nFor example: 'at a party', 'online' or 'at high school', 'through friends' or 'on a website for people who are looking to meet someone special'."
            },
            "validations": {
              "required": true
            },
            "type": "short_text"
          },
          {
            "id": "yksIU4Gd9zqz",
            "title": "{{hidden:respondent}}, what did you like about {{hidden:partner}}?",
            "ref": "45f72028-f9ee-4e28-8557-c47ecd0d8902",
            "properties": {
              "description": "Please complete the sentence: \n_*'*__*{{field:bb45bdeb-f952-4c7c-a682-e69103ca994c}}*__* liked that*_ _*{{field:6e03663c-a230-440f-98c5-4cb8885b353d}}*__* is ... '*_ ",
              "randomize": false,
              "allow_multiple_selection": false,
              "allow_other_choice": true,
              "vertical_alignment": true,
              "choices": [
                {
                  "id": "0elZlwBMEJfE",
                  "ref": "95308f13-7f44-4612-b698-c4fc012bd280",
                  "label": "wise"
                },
                {
                  "id": "va1SpOcJK1ho",
                  "ref": "5a4067f0-fc36-40e6-9c47-c76a0222df5c",
                  "label": "funny"
                },
                {
                  "id": "ff9ZiXo4qo9u",
                  "ref": "3eeff481-ddb5-4a73-b788-118284aace6f",
                  "label": "kind"
                },
                {
                  "id": "fJpvITKBIQ4f",
                  "ref": "d1939022-e087-453a-b6b1-e04a3d4e840d",
                  "label": "good-hearted"
                },
                {
                  "id": "o9QUPwEXfPbi",
                  "ref": "76932fda-6d3a-405d-823d-82166ed37c76",
                  "label": "intelligent"
                },
                {
                  "id": "7wIlfElj8xcD",
                  "ref": "18d26142-7c57-4145-ae68-f95a59cfd51d",
                  "label": "strong"
                },
                {
                  "id": "ei4qbU6sQn4F",
                  "ref": "9de0c1f4-3564-449d-a1fd-0b78c729859b",
                  "label": "honest"
                },
                {
                  "id": "MR4y2LNlw15q",
                  "ref": "796a9f7c-4f72-4483-858c-0dae0b64d00a",
                  "label": "caring"
                },
                {
                  "id": "m7LuH2lzUS4e",
                  "ref": "ba69df2d-a9f7-4dbb-a8f7-73864a47b201",
                  "label": "generous"
                },
                {
                  "id": "ouEK1XdiYF1a",
                  "ref": "3878c638-e4d7-4f39-ae07-693eff073d2c",
                  "label": "smart"
                },
                {
                  "id": "ly0qktrZsbVd",
                  "ref": "7202070f-a34e-4e4e-9d41-3023ae6b5def",
                  "label": "handsome"
                },
                {
                  "id": "USSEBBPRKOWL",
                  "ref": "f5bdeb18-c696-49a4-868e-36e8b60b7595",
                  "label": "beautiful"
                },
                {
                  "id": "09PaznpGc9IY",
                  "ref": "6f36cfaa-43ef-48e3-818a-68e56511679e",
                  "label": "reliable"
                },
                {
                  "id": "JgUX0cLtDnoG",
                  "ref": "7bd0362d-4227-4cfd-9087-fd40858e991a",
                  "label": "brave"
                },
                {
                  "id": "NsMYtHcpiNr8",
                  "ref": "272ca8c8-3299-4dcd-9b79-e34988645bb2",
                  "label": "friendly"
                },
                {
                  "id": "KB19KbAz6Cgg",
                  "ref": "864bcd25-5bae-4262-baf1-9546dd677bc6",
                  "label": "silly"
                },
                {
                  "id": "i78cr5io1knK",
                  "ref": "63fca8cd-51d6-4744-90a0-4bdd44a2d64a",
                  "label": "gentle"
                },
                {
                  "id": "jSmvAy5AQ2xE",
                  "ref": "97a0009c-3217-46e1-ac9d-64dcc8805125",
                  "label": "warm"
                },
                {
                  "id": "JSXHatCYtXB3",
                  "ref": "17d854da-add1-4600-9965-70d9ed6705c0",
                  "label": "thoughtful"
                }
              ]
            },
            "validations": {
              "required": true
            },
            "type": "multiple_choice"
          },
          {
            "id": "QL8icqm1TCnK",
            "title": "{{hidden:respondent}}, what else did you like about {{hidden:partner}}?",
            "ref": "1356d182-5b66-48a8-8349-f8bd9114784b",
            "properties": {
              "description": "Please complete the sentence \n_*'*__*{{field:bb45bdeb-f952-4c7c-a682-e69103ca994c}}*__* liked that*_ _*{{field:6e03663c-a230-440f-98c5-4cb8885b353d}}*__* is*_ _*{{field:45f72028-f9ee-4e28-8557-c47ecd0d8902}}*__* and  ... . '*_",
              "randomize": false,
              "allow_multiple_selection": true,
              "allow_other_choice": false,
              "vertical_alignment": true,
              "choices": [
                {
                  "id": "tRz4Uguf1RHG",
                  "ref": "a0c55d98-8354-4217-a4ed-11720f66a32f",
                  "label": "wise"
                },
                {
                  "id": "xkRnZNRj1v9Z",
                  "ref": "38cabafc-6f6d-4c9a-9a39-0c912440cdaa",
                  "label": "funny"
                },
                {
                  "id": "8kdjdJrBnkr1",
                  "ref": "dbf2c06b-f75c-4e2e-98bf-14fa6ef6cb00",
                  "label": "kind"
                },
                {
                  "id": "T6UN6cZ8hwGk",
                  "ref": "9bb1c54a-a102-4f2f-9cd8-2873bd7ac632",
                  "label": "good-hearted"
                },
                {
                  "id": "cSJFbZ1c7Ufc",
                  "ref": "12cdb58c-889e-4898-b57d-bdac2c631802",
                  "label": "intelligent"
                },
                {
                  "id": "kX1THQrCccTS",
                  "ref": "65b32325-c999-4a5d-9961-bb3807d4d178",
                  "label": "strong"
                },
                {
                  "id": "GVG2fN2EB5el",
                  "ref": "f0c374bb-b790-45a2-b24b-7c54c0dc72cf",
                  "label": "honest"
                },
                {
                  "id": "GXUAIfcjhlhV",
                  "ref": "fd291701-6f33-439c-9256-43b7c9c51aa6",
                  "label": "caring"
                },
                {
                  "id": "66Z4umgcCVhR",
                  "ref": "dfa7f250-38d9-4aa2-81da-33f256ce3d6b",
                  "label": "generous"
                },
                {
                  "id": "UuWU6EVtEYWq",
                  "ref": "ed70d61d-c4f6-4409-ad26-c64aaadad149",
                  "label": "smart"
                },
                {
                  "id": "QLKpBYM9NzYu",
                  "ref": "3f2d13ed-74e6-41b9-b8ca-2abea2ff661f",
                  "label": "handsome"
                },
                {
                  "id": "KBH6zfgltHiE",
                  "ref": "6f48820e-524b-4262-89df-baa2ead1e2d4",
                  "label": "beautiful"
                },
                {
                  "id": "T3VbmaxhnBfA",
                  "ref": "40f33b34-fa96-4e0f-b601-0ce6c51493c6",
                  "label": "reliable"
                },
                {
                  "id": "CzPAbd0ulPnl",
                  "ref": "36b9cda7-14e9-4907-9556-02ac85973f12",
                  "label": "brave"
                },
                {
                  "id": "Iww26AtXiwF5",
                  "ref": "e5ba09a8-64c1-4337-8ec8-44dfd9fd5092",
                  "label": "friendly"
                },
                {
                  "id": "sFnSXw4ouEZt",
                  "ref": "72694382-8f02-4121-b491-e2d5b23913b7",
                  "label": "silly"
                },
                {
                  "id": "pIxWYznPNMNe",
                  "ref": "854bc5f9-e1c7-4e22-9d5c-d1a68826826a",
                  "label": "gentle"
                },
                {
                  "id": "MtcDUUElyNpZ",
                  "ref": "98e23dd1-4e4d-4d89-9160-2ed379a15130",
                  "label": "warm"
                },
                {
                  "id": "i7zwK1DMrDyV",
                  "ref": "f9b6c868-4190-4863-9878-ecc285d376f3",
                  "label": "thoughtful"
                }
              ]
            },
            "validations": {
              "required": true
            },
            "type": "multiple_choice"
          },
          {
            "id": "PgQAfnouZhYg",
            "title": "What does {{hidden:partner}} like about you?",
            "ref": "4e635d3e-3727-41b5-8196-5d29a53c47cf",
            "properties": {
              "description": "This is not the time and place to be modest! \nPlease complete the sentence: \n_*'*__*{{field:6e03663c-a230-440f-98c5-4cb8885b353d}}*__* liked that*_ _*{{field:bb45bdeb-f952-4c7c-a682-e69103ca994c}}*__* is  ...*_ '",
              "randomize": false,
              "allow_multiple_selection": true,
              "allow_other_choice": false,
              "vertical_alignment": true,
              "choices": [
                {
                  "id": "jEKU8l5smqhR",
                  "ref": "72ab9b4e-72ee-4a9f-9aa4-71cab6b5e86f",
                  "label": "wise"
                },
                {
                  "id": "2vHAkPr8cQ5S",
                  "ref": "778dd57a-0c38-4150-99a9-7d8cc65747bb",
                  "label": "funny"
                },
                {
                  "id": "CJ9oJ5JBTwmG",
                  "ref": "0da7654b-e971-41e3-b563-55285cea8d0d",
                  "label": "kind"
                },
                {
                  "id": "NNwqPR7c0UUF",
                  "ref": "19f7c805-429f-420a-be2b-950079fba55b",
                  "label": "good-hearted"
                },
                {
                  "id": "ytq1iEHrPDJ7",
                  "ref": "aec7a296-0633-4ce6-8a71-4836a34df77c",
                  "label": "intelligent"
                },
                {
                  "id": "3Kjb8J0rFgie",
                  "ref": "262f44ca-3da0-40e2-8f1b-6b8fc56920a6",
                  "label": "strong"
                },
                {
                  "id": "5PYND7BPDJMi",
                  "ref": "0f1495ed-dbce-4efc-8e2d-d26b696ad08f",
                  "label": "honest"
                },
                {
                  "id": "Fy9SfuDr8Qoo",
                  "ref": "04ba6e64-6f05-4cc3-a4e7-a68604a53f41",
                  "label": "caring"
                },
                {
                  "id": "kg1sinlEqzqI",
                  "ref": "181fece6-7a59-41f9-a0b4-59b2f35e7b05",
                  "label": "generous"
                },
                {
                  "id": "vYprJNpgEHdr",
                  "ref": "77a226f7-69f2-4ebf-b113-b08da96764c7",
                  "label": "smart"
                },
                {
                  "id": "Zy31CY0lPssl",
                  "ref": "9b43e4dc-05d3-41f9-99f4-677aedbafd16",
                  "label": "handsome"
                },
                {
                  "id": "ZNdfKCgACofw",
                  "ref": "67e6ae1b-cdae-4fbc-a1c5-d61232f62735",
                  "label": "beautiful"
                },
                {
                  "id": "VQ2koZM9fj11",
                  "ref": "8f45df91-83e0-4f5a-8321-7559df1f7e17",
                  "label": "reliable"
                },
                {
                  "id": "iDufTI52RRom",
                  "ref": "b18c63fb-56c3-4418-9c88-7da3027427be",
                  "label": "brave"
                },
                {
                  "id": "KbLz9ohPKGBw",
                  "ref": "0e74ff6d-3151-4010-8897-a833d607ac27",
                  "label": "friendly"
                },
                {
                  "id": "6QTMd5fJRYYp",
                  "ref": "b72e2888-2a96-4758-a18f-71ef7be89cd8",
                  "label": "silly"
                },
                {
                  "id": "FJTM0XFU5UIA",
                  "ref": "56e7a94d-ebdd-4475-9c59-b979e1ffde82",
                  "label": "gentle"
                },
                {
                  "id": "X0cINY1dYxPr",
                  "ref": "51a354f2-b589-4444-a833-39f60e023ec4",
                  "label": "warm"
                },
                {
                  "id": "LYVyA3QHzhlP",
                  "ref": "ef891a07-5fc1-4adb-9dae-794439b8ddfb",
                  "label": "thoughtful"
                }
              ]
            },
            "validations": {
              "required": true
            },
            "type": "multiple_choice"
          },
          {
            "id": "b6mbkWlnJt3G",
            "title": "What else does {{hidden:partner}} like about you?",
            "ref": "dd788180-4be8-442d-b0b3-06061a5c54fd",
            "properties": {
              "description": "Please complete the sentence \n_*'*__*{{field:6e03663c-a230-440f-98c5-4cb8885b353d}}*__* liked that*_ _*{{field:bb45bdeb-f952-4c7c-a682-e69103ca994c}}*__* is*_ _*{{field:4e635d3e-3727-41b5-8196-5d29a53c47cf}}*__* and  ... . '*_",
              "randomize": false,
              "allow_multiple_selection": true,
              "allow_other_choice": false,
              "vertical_alignment": true,
              "choices": [
                {
                  "id": "lWHA3WBk7saw",
                  "ref": "dcd1dbf6-897a-4767-bc48-757c859385a9",
                  "label": "wise"
                },
                {
                  "id": "Wd2TrgbDE3O8",
                  "ref": "afff8d2a-8f0b-4b44-9ab6-0cab083c1b9e",
                  "label": "funny"
                },
                {
                  "id": "8O1qAYMmXBKH",
                  "ref": "7a975706-81c4-497a-ba0e-ac9d233c3e97",
                  "label": "kind"
                },
                {
                  "id": "xi4PtMjpQgVR",
                  "ref": "b71f4735-3380-4a48-b66e-dfe75ad83f41",
                  "label": "good-hearted"
                },
                {
                  "id": "OMTU6PdOnqNt",
                  "ref": "4faa6259-f617-4724-a8e2-a0361e0021bd",
                  "label": "intelligent"
                },
                {
                  "id": "c3N4PulROK5C",
                  "ref": "7425b1a8-b7fe-4a5b-8151-c36aafa235da",
                  "label": "strong"
                },
                {
                  "id": "25bhcWRjH0Jv",
                  "ref": "9245c5f3-0a9d-4b98-846f-0bc6281a3c1c",
                  "label": "honest"
                },
                {
                  "id": "9bASVdRcTekL",
                  "ref": "33bdfd56-4d61-4bce-8135-162b3110081c",
                  "label": "caring"
                },
                {
                  "id": "SruJeeptQX1Y",
                  "ref": "44541823-2b57-477a-8986-0f4276d01484",
                  "label": "generous"
                },
                {
                  "id": "vvRkAbSykZ5B",
                  "ref": "0e0f932e-9e1a-47f9-9672-203ee40d4de0",
                  "label": "smart"
                },
                {
                  "id": "p92Nl9EnrRg9",
                  "ref": "c2db74cf-bb75-4dab-a4fb-e7e6cc0ba21d",
                  "label": "handsome"
                },
                {
                  "id": "ei9GjlYzAS65",
                  "ref": "ccf5898f-aaa9-4cf6-8bda-e5eeeb5604c6",
                  "label": "beautiful"
                },
                {
                  "id": "Wh36ZL4qSlx6",
                  "ref": "b6055f41-c6e1-4307-a2fa-79845517cc47",
                  "label": "reliable"
                },
                {
                  "id": "9T9SuKE8VbXz",
                  "ref": "bbed76d0-dbc4-4db3-921a-b751fae42791",
                  "label": "brave"
                },
                {
                  "id": "SgOWlegcTKLY",
                  "ref": "ae0dd8e5-c101-4b13-99ed-dac614f0d2d1",
                  "label": "friendly"
                },
                {
                  "id": "6zNdh2Zr6eRz",
                  "ref": "943515a0-7091-41ec-b931-8fe303728ed8",
                  "label": "silly"
                },
                {
                  "id": "LnNEmjZSrXTg",
                  "ref": "3d7ad82f-f02b-44e4-bde5-7f3b7aefb3d1",
                  "label": "gentle"
                },
                {
                  "id": "mVR4nmYsStUS",
                  "ref": "3aa0b0e3-6246-4cd2-92d5-09ed25dbbd71",
                  "label": "warm"
                },
                {
                  "id": "ZVQYeTaA2eFn",
                  "ref": "36e47e72-353c-497d-aab4-2ae7589bc568",
                  "label": "thoughtful"
                }
              ]
            },
            "validations": {
              "required": true
            },
            "type": "multiple_choice"
          },
          {
            "id": "ESOlYkiCJzYO",
            "title": "The text is going to read\n_*'*__*{{field:bb45bdeb-f952-4c7c-a682-e69103ca994c}}*__* and*_ _*{{field:6e03663c-a230-440f-98c5-4cb8885b353d}}*__* met*_ _*{{field:f83a38df-468d-41de-bccb-c342bfb8b9db}}*__*.*_ \n_*{{field:bb45bdeb-f952-4c7c-a682-e69103ca994c}}*__* liked that*_ _*{{field:6e03663c-a230-440f-98c5-4cb8885b353d}}*__* is*_ _*{{field:45f72028-f9ee-4e28-8557-c47ecd0d8902}}*__* and*_ _*{{field:1356d182-5b66-48a8-8349-f8bd9114784b}}*__*.*_\n\n_*And*_ _*{{field:6e03663c-a230-440f-98c5-4cb8885b353d}}*__* liked that*_  _*{{field:bb45bdeb-f952-4c7c-a682-e69103ca994c}}*__* is*_ _*{{field:4e635d3e-3727-41b5-8196-5d29a53c47cf}}*__* and*_ _*{{field:dd788180-4be8-442d-b0b3-06061a5c54fd}}*__*.'*_\n",
            "ref": "bff2db7d-fc19-47ce-be0e-c9d08a6208f7",
            "properties": {
              "randomize": false,
              "allow_multiple_selection": false,
              "allow_other_choice": false,
              "vertical_alignment": true,
              "choices": [
                {
                  "id": "IuViNlViqwOX",
                  "ref": "4790fe73-7dc2-4637-89e9-f47369d143e1",
                  "label": "That’s right"
                },
                {
                  "id": "jrP8LhXxy4fB",
                  "ref": "b1d94498-e1fe-45a3-a129-cc1d87995824",
                  "label": "I’d like to try different words"
                }
              ]
            },
            "validations": {
              "required": true
            },
            "type": "multiple_choice"
          },
          {
            "id": "ZujCzZKf1XkZ",
            "title": "Please upload a photo of the two of you together",
            "ref": "4c1098a3-f51e-491e-aa27-ef14e2493979",
            "properties": {
              "description": "Ideally from around the time when you first met"
            },
            "validations": {
              "required": true
            },
            "type": "file_upload"
          }
        ]
      },
      "type": "group"
    },
    {
      "id": "KrLTCjxzOFJN",
      "title": "You as a couple",
      "ref": "3a4c263c-290f-4521-87b5-d94cad7f0aa0",
      "properties": {
        "button_text": "Continue",
        "show_button": true,
        "fields": [
          {
            "id": "ehM18njAoEuJ",
            "title": "Did you and {{hidden:partner}} get married or entered a civil partnership?",
            "ref": "1e722dca-6ce4-4305-9a57-be6b18c3eecc",
            "properties": {
              "randomize": false,
              "allow_multiple_selection": false,
              "allow_other_choice": false,
              "vertical_alignment": true,
              "choices": [
                {
                  "id": "WHXY0jabfbjd",
                  "ref": "752fa324-6195-4c21-bbb8-f24660cb7b90",
                  "label": "No, we didn't"
                },
                {
                  "id": "QrCGXaRmXtSP",
                  "ref": "1a5a0fd4-48ea-40da-8c1f-985143abb053",
                  "label": "Yes, we are married"
                },
                {
                  "id": "Zg99XSTVU1YW",
                  "ref": "3838ae63-9bb9-43c9-8979-b73f90e633c8",
                  "label": "Yes, we entered a civil partnership"
                }
              ]
            },
            "validations": {
              "required": true
            },
            "type": "multiple_choice"
          },
          {
            "id": "b2rmcnaGPWl8",
            "title": "Please upload another photo of yourself and {{hidden:partner}} together, ideally from around the time you met",
            "ref": "f6d4c1e8-46dd-45aa-aa27-d1416d3f3286",
            "properties": {
              "description": "The text with this image is going to read \n_*'*__*{{field:bb45bdeb-f952-4c7c-a682-e69103ca994c}}*__* and*_ _*{{field:6e03663c-a230-440f-98c5-4cb8885b353d}}*__* fell in love and wanted to spend as much time as possible together. This was when ‘they’ became a ‘we’ and the beginning of our family.*_\n_*'*_"
            },
            "validations": {
              "required": true
            },
            "type": "file_upload"
          },
          {
            "id": "5Hg2BYit7Tgt",
            "title": "Please upload either a wedding photo with both of you, or another photo of you as a couple (ideally around the time you got married)",
            "ref": "4f166150-3b97-4746-9372-9f6d86bb8474",
            "properties": {
              "description": "The text with this image is going to read \n_*'*__*{{field:bb45bdeb-f952-4c7c-a682-e69103ca994c}}*__* and*_ _*{{field:6e03663c-a230-440f-98c5-4cb8885b353d}}*__* fell in love and wanted to get married. This was when ‘they’ became a ‘we’ and the beginning of our family.'*_"
            },
            "validations": {
              "required": true
            },
            "type": "file_upload"
          },
          {
            "id": "5gGadZsyZTsS",
            "title": "Please upload a photo of you and {{hidden:partner}} - either of when you registered your civil partnership or around that time, if available",
            "ref": "9448b537-f2cb-491c-a7ba-9c869a6e5d17",
            "properties": {
              "description": "The text with this image is going to read \n_*'*__*{{field:bb45bdeb-f952-4c7c-a682-e69103ca994c}}*__* and*_ _*{{field:6e03663c-a230-440f-98c5-4cb8885b353d}}*__* fell in love and wanted to commit to each other in a civil partnership. This was when ‘they’ became a ‘we’ and the beginning of our family.'*_"
            },
            "validations": {
              "required": true
            },
            "type": "file_upload"
          },
          {
            "id": "sMJxDKItp0ve",
            "title": "Would you like to upload another photo of yourselves as a couple? ",
            "ref": "d992f78c-0e3b-47d0-b9bd-b23ba1b113d1",
            "properties": {
              "description": "(with our without children from previous relationshiops)"
            },
            "validations": {
              "required": true
            },
            "type": "yes_no"
          },
          {
            "id": "CY0XgfvyJCoQ",
            "title": "Please upload another photo of yourselves as a couple here",
            "ref": "9aad6b4b-f0c7-4c69-a513-ad89be5c9bec",
            "properties": {},
            "validations": {
              "required": true
            },
            "type": "file_upload"
          }
        ]
      },
      "type": "group"
    },
    {
      "id": "9Sg24hwuS55K",
      "title": "Did you and {{hidden:partner}} have any other children together before {{hidden:child}} came along?",
      "ref": "e801af07-ccba-4860-9374-bf28b0213e13",
      "properties": {},
      "validations": {
        "required": true
      },
      "type": "yes_no"
    },
    {
      "id": "AXGp3VaKr1Ny",
      "title": "{{hidden:respondent}} and {{hidden:partner}}'s older children together",
      "ref": "688f9d3e-19f7-4446-8807-b0bd608218a1",
      "properties": {
        "button_text": "Continue",
        "show_button": true,
        "fields": [
          {
            "id": "nKytpYrsaREb",
            "title": "What are they called?",
            "ref": "d596db84-3855-4a39-92bb-4fe3d41e9f10",
            "properties": {},
            "validations": {
              "required": true
            },
            "type": "short_text"
          },
          {
            "id": "mB8MRXDtNANp",
            "title": "Would you say",
            "ref": "4f7c9f2d-0a6f-4268-b30d-f098b59bea72",
            "properties": {
              "randomize": false,
              "allow_multiple_selection": false,
              "allow_other_choice": false,
              "vertical_alignment": true,
              "choices": [
                {
                  "id": "rCLl7TFjdFtw",
                  "ref": "a6416e16-5c44-450b-ad57-bde4b4638112",
                  "label": "your sister"
                },
                {
                  "id": "UeOy8ZuoUBMd",
                  "ref": "9c5c6427-c986-4242-9a60-c85eb047d4af",
                  "label": "your sisters"
                },
                {
                  "id": "qUIF8hhQsS9j",
                  "ref": "58c9c232-0b11-459a-abaa-eb134cd71182",
                  "label": "your brother"
                },
                {
                  "id": "xiWDZTuYB2FT",
                  "ref": "b47b7805-115c-447e-a9c3-23df8194fa14",
                  "label": "your brothers"
                },
                {
                  "id": "RLefohINQwjw",
                  "ref": "593b1912-c262-4887-b18b-07cfde6e7319",
                  "label": "your brothers and sisters"
                },
                {
                  "id": "lWm3IUYJP3bL",
                  "ref": "f51ec70f-d009-4847-8c1a-89f8f09d95a3",
                  "label": "your siblings"
                }
              ]
            },
            "validations": {
              "required": true
            },
            "type": "multiple_choice"
          },
          {
            "id": "ggeWk087kvAo",
            "title": "The text is going to read\n\n_*'We loved each other and wanted children, so we were very glad when*_ _*{{field:4f7c9f2d-0a6f-4268-b30d-f098b59bea72}}*_ _*{{field:d596db84-3855-4a39-92bb-4fe3d41e9f10}}*__* came along, but we really wanted another baby.'*_",
            "ref": "38311fd8-dd7e-45c0-bf0d-aaafd6fc8a28",
            "properties": {
              "randomize": false,
              "allow_multiple_selection": false,
              "allow_other_choice": false,
              "vertical_alignment": true,
              "choices": [
                {
                  "id": "kifjCodNL2Oa",
                  "ref": "c139d5b6-edb6-4904-97ad-e8f2d62d1df6",
                  "label": "That’s right"
                },
                {
                  "id": "CByYKSIzi777",
                  "ref": "ecd23268-92cd-4c7f-9b0e-65dd4e394097",
                  "label": "I’d like to correct something"
                }
              ]
            },
            "validations": {
              "required": true
            },
            "type": "multiple_choice"
          },
          {
            "id": "zJoTF3VZWzvh",
            "title": "Please upload a group photo of {{field:d596db84-3855-4a39-92bb-4fe3d41e9f10}}",
            "ref": "3bac9724-1d55-43d4-8002-db681b142889",
            "properties": {},
            "validations": {
              "required": true
            },
            "type": "file_upload"
          }
        ]
      },
      "type": "group"
    },
    {
      "id": "i1XLP0DnPHfw",
      "title": "How would you like to express your wish for a child?",
      "ref": "eb927be3-0419-4369-975b-1f51d939a0b8",
      "properties": {
        "randomize": false,
        "allow_multiple_selection": false,
        "allow_other_choice": false,
        "vertical_alignment": true,
        "choices": [
          {
            "id": "Bx6vLjGhgs3g",
            "ref": "2a0fa1ff-0cde-4373-a00b-fc4039d747ec",
            "label": "We were looking forward to starting a family and having a baby"
          },
          {
            "id": "z15hEqOHHBxz",
            "ref": "905d45b1-6a6a-4e13-90d1-04b1b8454952",
            "label": "We really wanted a child"
          },
          {
            "id": "Bo4O4AmFSODT",
            "ref": "e5beb118-e12d-4bec-92a6-e805005a5cc9",
            "label": "We had always wanted children and couldn't wait to meet you"
          }
        ]
      },
      "validations": {
        "required": false
      },
      "type": "multiple_choice"
    },
    {
      "id": "Vm63znKOdmFj",
      "title": "This is the end of the sixth chapter. Please go through it once more to check it's all in place",
      "ref": "061c0946-2e3e-4613-8499-8db99cc3f517",
      "properties": {
        "button_text": "Continue",
        "hide_marks": false
      },
      "type": "statement"
    }
  ],
  "hidden": [
    "respondent",
    "partner",
    "child"
  ],
  "logic": [
    {
      "type": "field",
      "ref": "bff2db7d-fc19-47ce-be0e-c9d08a6208f7",
      "actions": [
        {
          "action": "jump",
          "details": {
            "to": {
              "type": "field",
              "value": "4c1098a3-f51e-491e-aa27-ef14e2493979"
            }
          },
          "condition": {
            "op": "is",
            "vars": [
              {
                "type": "field",
                "value": "bff2db7d-fc19-47ce-be0e-c9d08a6208f7"
              },
              {
                "type": "choice",
                "value": "4790fe73-7dc2-4637-89e9-f47369d143e1"
              }
            ]
          }
        },
        {
          "action": "jump",
          "details": {
            "to": {
              "type": "field",
              "value": "f83a38df-468d-41de-bccb-c342bfb8b9db"
            }
          },
          "condition": {
            "op": "always",
            "vars": []
          }
        }
      ]
    },
    {
      "type": "field",
      "ref": "1e722dca-6ce4-4305-9a57-be6b18c3eecc",
      "actions": [
        {
          "action": "jump",
          "details": {
            "to": {
              "type": "field",
              "value": "f6d4c1e8-46dd-45aa-aa27-d1416d3f3286"
            }
          },
          "condition": {
            "op": "is",
            "vars": [
              {
                "type": "field",
                "value": "1e722dca-6ce4-4305-9a57-be6b18c3eecc"
              },
              {
                "type": "choice",
                "value": "752fa324-6195-4c21-bbb8-f24660cb7b90"
              }
            ]
          }
        },
        {
          "action": "jump",
          "details": {
            "to": {
              "type": "field",
              "value": "4f166150-3b97-4746-9372-9f6d86bb8474"
            }
          },
          "condition": {
            "op": "is",
            "vars": [
              {
                "type": "field",
                "value": "1e722dca-6ce4-4305-9a57-be6b18c3eecc"
              },
              {
                "type": "choice",
                "value": "1a5a0fd4-48ea-40da-8c1f-985143abb053"
              }
            ]
          }
        },
        {
          "action": "jump",
          "details": {
            "to": {
              "type": "field",
              "value": "9448b537-f2cb-491c-a7ba-9c869a6e5d17"
            }
          },
          "condition": {
            "op": "is",
            "vars": [
              {
                "type": "field",
                "value": "1e722dca-6ce4-4305-9a57-be6b18c3eecc"
              },
              {
                "type": "choice",
                "value": "3838ae63-9bb9-43c9-8979-b73f90e633c8"
              }
            ]
          }
        }
      ]
    },
    {
      "type": "field",
      "ref": "e801af07-ccba-4860-9374-bf28b0213e13",
      "actions": [
        {
          "action": "jump",
          "details": {
            "to": {
              "type": "field",
              "value": "d596db84-3855-4a39-92bb-4fe3d41e9f10"
            }
          },
          "condition": {
            "op": "is",
            "vars": [
              {
                "type": "field",
                "value": "e801af07-ccba-4860-9374-bf28b0213e13"
              },
              {
                "type": "constant",
                "value": true
              }
            ]
          }
        },
        {
          "action": "jump",
          "details": {
            "to": {
              "type": "field",
              "value": "061c0946-2e3e-4613-8499-8db99cc3f517"
            }
          },
          "condition": {
            "op": "always",
            "vars": []
          }
        }
      ]
    },
    {
      "type": "field",
      "ref": "d992f78c-0e3b-47d0-b9bd-b23ba1b113d1",
      "actions": [
        {
          "action": "jump",
          "details": {
            "to": {
              "type": "field",
              "value": "9aad6b4b-f0c7-4c69-a513-ad89be5c9bec"
            }
          },
          "condition": {
            "op": "is",
            "vars": [
              {
                "type": "field",
                "value": "d992f78c-0e3b-47d0-b9bd-b23ba1b113d1"
              },
              {
                "type": "constant",
                "value": true
              }
            ]
          }
        },
        {
          "action": "jump",
          "details": {
            "to": {
              "type": "field",
              "value": "e801af07-ccba-4860-9374-bf28b0213e13"
            }
          },
          "condition": {
            "op": "always",
            "vars": []
          }
        }
      ]
    },
    {
      "type": "field",
      "ref": "f1ec585a-c09f-4997-b2d6-d348859fd7f4",
      "actions": [
        {
          "action": "jump",
          "details": {
            "to": {
              "type": "field",
              "value": "a5f83302-630d-406c-8363-52e843ad43fa"
            }
          },
          "condition": {
            "op": "is",
            "vars": [
              {
                "type": "field",
                "value": "f1ec585a-c09f-4997-b2d6-d348859fd7f4"
              },
              {
                "type": "constant",
                "value": true
              }
            ]
          }
        },
        {
          "action": "jump",
          "details": {
            "to": {
              "type": "field",
              "value": "8c60002a-cc2b-496a-939c-4b783c9efeb0"
            }
          },
          "condition": {
            "op": "always",
            "vars": []
          }
        }
      ]
    },
    {
      "type": "field",
      "ref": "8c60002a-cc2b-496a-939c-4b783c9efeb0",
      "actions": [
        {
          "action": "jump",
          "details": {
            "to": {
              "type": "field",
              "value": "8eec211b-f195-489f-aeee-5c54e2491ab3"
            }
          },
          "condition": {
            "op": "is",
            "vars": [
              {
                "type": "field",
                "value": "8c60002a-cc2b-496a-939c-4b783c9efeb0"
              },
              {
                "type": "constant",
                "value": true
              }
            ]
          }
        },
        {
          "action": "jump",
          "details": {
            "to": {
              "type": "field",
              "value": "f83a38df-468d-41de-bccb-c342bfb8b9db"
            }
          },
          "condition": {
            "op": "always",
            "vars": []
          }
        }
      ]
    },
    {
      "type": "field",
      "ref": "795b1b7d-7989-44c2-bb57-11831d2d98cc",
      "actions": [
        {
          "action": "jump",
          "details": {
            "to": {
              "type": "field",
              "value": "7f6d2965-cbe5-4978-b3fb-1424917c0966"
            }
          },
          "condition": {
            "op": "is",
            "vars": [
              {
                "type": "field",
                "value": "795b1b7d-7989-44c2-bb57-11831d2d98cc"
              },
              {
                "type": "choice",
                "value": "2343edab-bc37-4236-b93f-7b0871cf6329"
              }
            ]
          }
        },
        {
          "action": "jump",
          "details": {
            "to": {
              "type": "field",
              "value": "f1ec585a-c09f-4997-b2d6-d348859fd7f4"
            }
          },
          "condition": {
            "op": "always",
            "vars": []
          }
        }
      ]
    },
    {
      "type": "field",
      "ref": "7627dc71-8846-4136-a949-64c5f48d2ef6",
      "actions": [
        {
          "action": "jump",
          "details": {
            "to": {
              "type": "field",
              "value": "d5112da7-ea30-46cf-87b8-cfd0cfe3bbc2"
            }
          },
          "condition": {
            "op": "is",
            "vars": [
              {
                "type": "field",
                "value": "7627dc71-8846-4136-a949-64c5f48d2ef6"
              },
              {
                "type": "choice",
                "value": "5fc07962-03b6-403b-b29e-98546967af47"
              }
            ]
          }
        },
        {
          "action": "jump",
          "details": {
            "to": {
              "type": "field",
              "value": "8c60002a-cc2b-496a-939c-4b783c9efeb0"
            }
          },
          "condition": {
            "op": "always",
            "vars": []
          }
        }
      ]
    },
    {
      "type": "field",
      "ref": "38311fd8-dd7e-45c0-bf0d-aaafd6fc8a28",
      "actions": [
        {
          "action": "jump",
          "details": {
            "to": {
              "type": "field",
              "value": "3bac9724-1d55-43d4-8002-db681b142889"
            }
          },
          "condition": {
            "op": "is",
            "vars": [
              {
                "type": "field",
                "value": "38311fd8-dd7e-45c0-bf0d-aaafd6fc8a28"
              },
              {
                "type": "choice",
                "value": "c139d5b6-edb6-4904-97ad-e8f2d62d1df6"
              }
            ]
          }
        },
        {
          "action": "jump",
          "details": {
            "to": {
              "type": "field",
              "value": "e801af07-ccba-4860-9374-bf28b0213e13"
            }
          },
          "condition": {
            "op": "always",
            "vars": []
          }
        }
      ]
    },
    {
      "type": "field",
      "ref": "4f166150-3b97-4746-9372-9f6d86bb8474",
      "actions": [
        {
          "action": "jump",
          "details": {
            "to": {
              "type": "field",
              "value": "d992f78c-0e3b-47d0-b9bd-b23ba1b113d1"
            }
          },
          "condition": {
            "op": "always",
            "vars": []
          }
        }
      ]
    },
    {
      "type": "field",
      "ref": "f6d4c1e8-46dd-45aa-aa27-d1416d3f3286",
      "actions": [
        {
          "action": "jump",
          "details": {
            "to": {
              "type": "field",
              "value": "d992f78c-0e3b-47d0-b9bd-b23ba1b113d1"
            }
          },
          "condition": {
            "op": "always",
            "vars": []
          }
        }
      ]
    },
    {
      "type": "field",
      "ref": "9448b537-f2cb-491c-a7ba-9c869a6e5d17",
      "actions": [
        {
          "action": "jump",
          "details": {
            "to": {
              "type": "field",
              "value": "d992f78c-0e3b-47d0-b9bd-b23ba1b113d1"
            }
          },
          "condition": {
            "op": "always",
            "vars": []
          }
        }
      ]
    },
    {
      "type": "field",
      "ref": "6e03663c-a230-440f-98c5-4cb8885b353d",
      "actions": [
        {
          "action": "jump",
          "details": {
            "to": {
              "type": "field",
              "value": "f1ec585a-c09f-4997-b2d6-d348859fd7f4"
            }
          },
          "condition": {
            "op": "always",
            "vars": []
          }
        }
      ]
    },
    {
      "type": "field",
      "ref": "7f6d2965-cbe5-4978-b3fb-1424917c0966",
      "actions": [
        {
          "action": "jump",
          "details": {
            "to": {
              "type": "field",
              "value": "8c60002a-cc2b-496a-939c-4b783c9efeb0"
            }
          },
          "condition": {
            "op": "always",
            "vars": []
          }
        }
      ]
    },
    {
      "type": "field",
      "ref": "d5112da7-ea30-46cf-87b8-cfd0cfe3bbc2",
      "actions": [
        {
          "action": "jump",
          "details": {
            "to": {
              "type": "field",
              "value": "f83a38df-468d-41de-bccb-c342bfb8b9db"
            }
          },
          "condition": {
            "op": "always",
            "vars": []
          }
        }
      ]
    },
    {
      "type": "field",
      "ref": "4c1098a3-f51e-491e-aa27-ef14e2493979",
      "actions": [
        {
          "action": "jump",
          "details": {
            "to": {
              "type": "field",
              "value": "1e722dca-6ce4-4305-9a57-be6b18c3eecc"
            }
          },
          "condition": {
            "op": "always",
            "vars": []
          }
        }
      ]
    },
    {
      "type": "field",
      "ref": "9aad6b4b-f0c7-4c69-a513-ad89be5c9bec",
      "actions": [
        {
          "action": "jump",
          "details": {
            "to": {
              "type": "field",
              "value": "e801af07-ccba-4860-9374-bf28b0213e13"
            }
          },
          "condition": {
            "op": "always",
            "vars": []
          }
        }
      ]
    },
    {
      "type": "field",
      "ref": "3bac9724-1d55-43d4-8002-db681b142889",
      "actions": [
        {
          "action": "jump",
          "details": {
            "to": {
              "type": "field",
              "value": "061c0946-2e3e-4613-8499-8db99cc3f517"
            }
          },
          "condition": {
            "op": "always",
            "vars": []
          }
        }
      ]
    }
  ],
  "_links": {
    "display": "https://thisstory.typeform.com/to/L7sLXUr3"
  }
}